survey;platform_code;operation_code;species_code;category_code;length_class;num;sample_weight;length_units
CAMP1;201176;1;10152;0;16.5;2;6.565;cm
CAMP1;201176;1;10152;0;17.0;5;6.565;cm
CAMP1;201176;1;10152;0;17.5;6;6.565;cm
CAMP1;201176;1;10152;0;18.0;16;6.565;cm
CAMP1;201176;1;10152;0;18.5;17;6.565;cm
CAMP1;201176;1;10152;0;19.0;26;6.565;cm
CAMP1;201176;1;10152;0;19.5;12;6.565;cm
CAMP1;201176;1;10152;0;20.0;19;6.565;cm
CAMP1;201176;1;10152;0;20.5;5;6.565;cm
CAMP1;201176;1;10152;0;21.0;3;6.565;cm
CAMP1;201176;1;10152;0;21.5;2;6.565;cm
CAMP1;201176;1;10414;0;14.5;1;10.425;cm
CAMP1;201176;1;10414;0;16.0;5;10.425;cm
CAMP1;201176;1;10414;0;16.5;9;10.425;cm
CAMP1;201176;1;10414;0;17.0;13;10.425;cm
CAMP1;201176;1;10414;0;17.5;32;10.425;cm
CAMP1;201176;1;10414;0;18.0;34;10.425;cm
CAMP1;201176;1;10414;0;18.5;52;10.425;cm
CAMP1;201176;1;10414;0;19.0;36;10.425;cm
CAMP1;201176;1;10414;0;19.5;11;10.425;cm
CAMP1;201176;1;10414;0;20.0;8;10.425;cm
CAMP1;201176;1;10414;0;20.5;2;10.425;cm
CAMP1;201176;1;10414;0;21.0;3;10.425;cm
CAMP1;201176;1;10414;0;21.5;2;10.425;cm
CAMP1;201176;1;10414;0;22.0;1;10.425;cm
CAMP1;201176;1;10416;0;5.5;2;33.830;cm
CAMP1;201176;1;10416;0;19.0;1;33.830;cm
CAMP1;201176;1;10416;0;20.5;1;33.830;cm
CAMP1;201176;1;10416;0;21.5;1;33.830;cm
CAMP1;201176;1;10416;0;22.0;1;33.830;cm
CAMP1;201176;1;10416;0;23.0;9;33.830;cm
CAMP1;201176;1;10416;0;23.5;3;33.830;cm
CAMP1;201176;1;10416;0;24.0;7;33.830;cm
CAMP1;201176;1;10416;0;24.5;1;33.830;cm
CAMP1;201176;1;10416;0;25.0;3;33.830;cm
CAMP1;201176;1;10416;0;25.5;4;33.830;cm
CAMP1;201176;1;10416;0;26.0;9;33.830;cm
CAMP1;201176;1;10416;0;26.5;3;33.830;cm
CAMP1;201176;1;10416;0;27.0;14;33.830;cm
CAMP1;201176;1;10416;0;27.5;6;33.830;cm
CAMP1;201176;1;10416;0;28.0;6;33.830;cm
CAMP1;201176;1;10416;0;28.5;11;33.830;cm
CAMP1;201176;1;10416;0;29.0;23;33.830;cm
CAMP1;201176;1;10416;0;29.5;18;33.830;cm
CAMP1;201176;1;10416;0;30.0;15;33.830;cm
CAMP1;201176;1;10416;0;30.5;14;33.830;cm
CAMP1;201176;1;10416;0;31.0;10;33.830;cm
CAMP1;201176;1;10416;0;31.5;8;33.830;cm
CAMP1;201176;1;10416;0;32.0;1;33.830;cm
CAMP1;201176;1;10416;0;32.5;1;33.830;cm
CAMP1;201176;1;10488;0;18.0;1;7.615;cm
CAMP1;201176;1;10488;0;18.5;1;7.615;cm
CAMP1;201176;1;10488;0;19.5;1;7.615;cm
CAMP1;201176;1;10488;0;20.0;3;7.615;cm
CAMP1;201176;1;10488;0;20.5;2;7.615;cm
CAMP1;201176;1;10488;0;21.0;2;7.615;cm
CAMP1;201176;1;10488;0;21.5;1;7.615;cm
CAMP1;201176;1;10488;0;22.0;1;7.615;cm
CAMP1;201176;1;10488;0;23.0;2;7.615;cm
CAMP1;201176;1;10488;0;23.5;3;7.615;cm
CAMP1;201176;1;10488;0;24.0;5;7.615;cm
CAMP1;201176;1;10488;0;24.5;1;7.615;cm
CAMP1;201176;1;10488;0;25.0;1;7.615;cm
CAMP1;201176;1;10488;0;25.5;2;7.615;cm
CAMP1;201176;1;10488;0;26.5;2;7.615;cm
CAMP1;201176;1;10488;0;27.0;2;7.615;cm
CAMP1;201176;1;10488;0;27.5;2;7.615;cm
CAMP1;201176;1;10488;0;28.0;1;7.615;cm
CAMP1;201176;1;10488;0;28.5;1;7.615;cm
CAMP1;201176;1;10488;0;29.5;1;7.615;cm
CAMP1;201176;1;10488;0;30.0;1;7.615;cm
CAMP1;201176;1;10489;0;17.5;1;1.675;cm
CAMP1;201176;1;10489;0;21.5;1;1.675;cm
CAMP1;201176;1;10489;0;22.0;1;1.675;cm
CAMP1;201176;1;10489;0;22.5;3;1.675;cm
CAMP1;201176;1;10489;0;23.0;1;1.675;cm
CAMP1;201176;1;10489;0;24.5;1;1.675;cm
CAMP1;201176;1;10489;0;25.0;1;1.675;cm
CAMP1;201176;1;10490;0;24.0;1;0.795;cm
CAMP1;201176;1;10490;0;24.5;2;0.795;cm
CAMP1;201176;1;10490;0;25.0;1;0.795;cm
CAMP1;201176;1;10495;0;17.0;2;17.570;cm
CAMP1;201176;1;10495;0;17.5;4;17.570;cm
CAMP1;201176;1;10495;0;18.0;6;17.570;cm
CAMP1;201176;1;10495;0;18.5;6;17.570;cm
CAMP1;201176;1;10495;0;19.0;4;17.570;cm
CAMP1;201176;1;10495;0;19.5;8;17.570;cm
CAMP1;201176;1;10495;0;20.0;10;17.570;cm
CAMP1;201176;1;10495;0;20.5;12;17.570;cm
CAMP1;201176;1;10495;0;21.0;14;17.570;cm
CAMP1;201176;1;10495;0;21.5;8;17.570;cm
CAMP1;201176;1;10495;0;22.0;8;17.570;cm
CAMP1;201176;1;10495;0;22.5;8;17.570;cm
CAMP1;201176;1;10495;0;23.0;8;17.570;cm
CAMP1;201176;1;10495;0;23.5;5;17.570;cm
CAMP1;201176;1;10495;0;24.0;9;17.570;cm
CAMP1;201176;1;10495;0;24.5;5;17.570;cm
CAMP1;201176;1;10495;0;25.0;3;17.570;cm
CAMP1;201176;1;10495;0;25.5;2;17.570;cm
CAMP1;201176;1;10499;0;64.5;1;2.770;cm
CAMP1;201176;1;10507;0;13.0;1;12.080;cm
CAMP1;201176;1;10507;0;15.0;2;12.080;cm
CAMP1;201176;1;10507;0;15.5;1;12.080;cm
CAMP1;201176;1;10507;0;16.0;4;12.080;cm
CAMP1;201176;1;10507;0;16.5;2;12.080;cm
CAMP1;201176;1;10507;0;17.0;3;12.080;cm
CAMP1;201176;1;10507;0;17.5;3;12.080;cm
CAMP1;201176;1;10507;0;18.0;7;12.080;cm
CAMP1;201176;1;10507;0;18.5;4;12.080;cm
CAMP1;201176;1;10507;0;19.0;5;12.080;cm
CAMP1;201176;1;10507;0;19.5;9;12.080;cm
CAMP1;201176;1;10507;0;20.0;15;12.080;cm
CAMP1;201176;1;10507;0;20.5;5;12.080;cm
CAMP1;201176;1;10507;0;21.0;11;12.080;cm
CAMP1;201176;1;10507;0;21.5;6;12.080;cm
CAMP1;201176;1;10507;0;22.0;10;12.080;cm
CAMP1;201176;1;10507;0;22.5;5;12.080;cm
CAMP1;201176;1;10507;0;23.0;3;12.080;cm
CAMP1;201176;1;10507;0;23.5;2;12.080;cm
CAMP1;201176;1;10507;0;24.0;3;12.080;cm
CAMP1;201176;1;10507;0;24.5;1;12.080;cm
CAMP1;201176;1;10507;0;26.0;1;12.080;cm
CAMP1;201176;1;10522;0;15.5;1;17.570;cm
CAMP1;201176;1;10522;0;16.5;4;17.570;cm
CAMP1;201176;1;10522;0;17.0;1;17.570;cm
CAMP1;201176;1;10522;0;17.5;5;17.570;cm
CAMP1;201176;1;10522;0;18.0;6;17.570;cm
CAMP1;201176;1;10522;0;18.5;4;17.570;cm
CAMP1;201176;1;10522;0;19.0;15;17.570;cm
CAMP1;201176;1;10522;0;19.5;19;17.570;cm
CAMP1;201176;1;10522;0;20.0;19;17.570;cm
CAMP1;201176;1;10522;0;20.5;23;17.570;cm
CAMP1;201176;1;10522;0;21.0;23;17.570;cm
CAMP1;201176;1;10522;0;21.5;25;17.570;cm
CAMP1;201176;1;10522;0;22.0;16;17.570;cm
CAMP1;201176;1;10522;0;22.5;5;17.570;cm
CAMP1;201176;1;10522;0;23.0;10;17.570;cm
CAMP1;201176;1;10522;0;23.5;6;17.570;cm
CAMP1;201176;1;10522;0;24.0;3;17.570;cm
CAMP1;201176;1;10522;0;24.5;2;17.570;cm
CAMP1;201176;1;10522;0;25.5;1;17.570;cm
CAMP1;201176;1;10522;0;26.0;1;17.570;cm
CAMP1;201176;1;10522;0;26.5;1;17.570;cm
CAMP1;201176;1;10522;0;31.5;1;17.570;cm
CAMP1;201176;1;10639;0;61.5;1;2.440;cm
CAMP1;201176;1;10641;0;18.5;2;21.648;cm
CAMP1;201176;1;10641;0;19.0;2;21.648;cm
CAMP1;201176;1;10641;0;19.5;3;21.648;cm
CAMP1;201176;1;10641;0;20.0;6;21.648;cm
CAMP1;201176;1;10641;0;20.5;8;21.648;cm
CAMP1;201176;1;10641;0;21.0;11;21.648;cm
CAMP1;201176;1;10641;0;21.5;9;21.648;cm
CAMP1;201176;1;10641;0;22.0;19;21.648;cm
CAMP1;201176;1;10641;0;22.5;23;21.648;cm
CAMP1;201176;1;10641;0;23.0;27;21.648;cm
CAMP1;201176;1;10641;0;23.5;25;21.648;cm
CAMP1;201176;1;10641;0;24.0;23;21.648;cm
CAMP1;201176;1;10641;0;24.5;18;21.648;cm
CAMP1;201176;1;10641;0;25.0;16;21.648;cm
CAMP1;201176;1;10641;0;25.5;2;21.648;cm
CAMP1;201176;1;10641;0;26.0;3;21.648;cm
CAMP1;201176;1;10641;0;26.5;4;21.648;cm
CAMP1;201176;1;10641;0;27.0;3;21.648;cm
CAMP1;201176;1;10641;0;35.0;1;21.648;cm
CAMP1;201176;1;10641;0;35.5;1;21.648;cm
CAMP1;201176;1;10641;0;36.0;1;21.648;cm
CAMP1;201176;1;10641;0;36.5;1;21.648;cm
CAMP1;201176;1;12822;0;11.5;7;0.605;cm
CAMP1;201176;1;12822;0;12.0;7;0.605;cm
CAMP1;201176;1;12822;0;12.5;2;0.605;cm
CAMP1;201176;1;12822;0;13.0;4;0.605;cm
CAMP1;201176;1;12822;0;14.0;1;0.605;cm
CAMP1;201176;1;12822;0;14.5;2;0.605;cm
CAMP1;201176;1;12822;0;16.0;1;0.605;cm
CAMP1;201176;1;12822;0;16.5;1;0.605;cm
CAMP1;201176;1;12822;0;18.5;1;0.605;cm
CAMP1;201176;2;10415;0;23.5;2;3.273;cm
CAMP1;201176;2;10415;0;24.0;2;3.273;cm
CAMP1;201176;2;10415;0;24.5;4;3.273;cm
CAMP1;201176;2;10415;0;25.0;3;3.273;cm
CAMP1;201176;2;10415;0;25.5;5;3.273;cm
CAMP1;201176;2;10415;0;26.0;1;3.273;cm
CAMP1;201176;2;10415;0;26.5;3;3.273;cm
CAMP1;201176;2;10415;0;27.0;2;3.273;cm
CAMP1;201176;2;10415;0;27.5;1;3.273;cm
CAMP1;201176;2;10415;0;33.5;1;3.273;cm
CAMP1;201176;2;10416;0;38.0;1;1.244;cm
CAMP1;201176;2;10416;0;38.5;1;1.244;cm
CAMP1;201176;2;10416;0;41.0;1;1.244;cm
CAMP1;201176;2;10488;0;23.0;2;0.150;cm
CAMP1;201176;2;10495;0;21.0;1;0.145;cm
CAMP1;201176;3;10152;0;11.5;5;3.390;cm
CAMP1;201176;3;10152;0;12.0;41;3.390;cm
CAMP1;201176;3;10152;0;12.5;85;3.390;cm
CAMP1;201176;3;10152;0;13.0;52;3.390;cm
CAMP1;201176;3;10152;0;13.5;12;3.390;cm
CAMP1;201176;3;10152;0;14.0;6;3.390;cm
CAMP1;201176;3;10152;0;14.5;4;3.390;cm
CAMP1;201176;3;10152;0;15.0;2;3.390;cm
CAMP1;201176;3;10152;0;15.5;1;3.390;cm
CAMP1;201176;3;10152;0;16.5;1;3.390;cm
CAMP1;201176;3;10156;0;8.0;1;1.340;cm
CAMP1;201176;3;10156;0;8.5;3;1.340;cm
CAMP1;201176;3;10156;0;9.0;18;1.340;cm
CAMP1;201176;3;10156;0;9.5;50;1.340;cm
CAMP1;201176;3;10156;0;10.0;51;1.340;cm
CAMP1;201176;3;10156;0;10.5;42;1.340;cm
CAMP1;201176;3;10156;0;11.0;26;1.340;cm
CAMP1;201176;3;10156;0;11.5;12;1.340;cm
CAMP1;201176;3;10156;0;12.0;7;1.340;cm
CAMP1;201176;3;10283;0;22.5;1;0.340;cm
CAMP1;201176;3;10283;0;34.0;1;0.340;cm
CAMP1;201176;3;10416;0;32.5;1;0.251;cm
CAMP1;201176;3;10423;0;34.0;1;16.843;cm
CAMP1;201176;3;10423;0;34.5;1;16.843;cm
CAMP1;201176;3;10423;0;35.0;2;16.843;cm
CAMP1;201176;3;10423;0;35.5;5;16.843;cm
CAMP1;201176;3;10423;0;36.0;4;16.843;cm
CAMP1;201176;3;10423;0;36.5;1;16.843;cm
CAMP1;201176;3;10423;0;37.0;4;16.843;cm
CAMP1;201176;3;10423;0;37.5;4;16.843;cm
CAMP1;201176;3;10423;0;38.0;3;16.843;cm
CAMP1;201176;3;10423;0;38.5;4;16.843;cm
CAMP1;201176;3;10423;0;39.0;2;16.843;cm
CAMP1;201176;3;10423;0;40.0;1;16.843;cm
CAMP1;201176;3;10423;0;40.5;1;16.843;cm
CAMP1;201176;3;10423;0;41.0;1;16.843;cm
CAMP1;201176;3;10426;0;29.0;1;0.340;cm
CAMP1;201176;3;10426;0;29.5;1;0.340;cm
CAMP1;201176;3;10490;0;19.5;1;0.450;cm
CAMP1;201176;3;10490;0;20.5;1;0.450;cm
CAMP1;201176;3;10490;0;21.5;1;0.450;cm
CAMP1;201176;3;10490;0;22.5;1;0.450;cm
CAMP1;201176;4;10152;0;11.5;4;4.125;cm
CAMP1;201176;4;10152;0;12.0;25;4.125;cm
CAMP1;201176;4;10152;0;12.5;29;4.125;cm
CAMP1;201176;4;10152;0;13.0;43;4.125;cm
CAMP1;201176;4;10152;0;13.5;27;4.125;cm
CAMP1;201176;4;10152;0;14.0;28;4.125;cm
CAMP1;201176;4;10152;0;14.5;19;4.125;cm
CAMP1;201176;4;10152;0;15.0;18;4.125;cm
CAMP1;201176;4;10152;0;15.5;13;4.125;cm
CAMP1;201176;4;10152;0;16.0;3;4.125;cm
CAMP1;201176;4;10152;0;16.5;1;4.125;cm
CAMP1;201176;4;10152;0;17.0;1;4.125;cm
CAMP1;201176;4;10156;0;9.0;11;1.585;cm
CAMP1;201176;4;10156;0;9.5;35;1.585;cm
CAMP1;201176;4;10156;0;10.0;46;1.585;cm
CAMP1;201176;4;10156;0;10.5;45;1.585;cm
CAMP1;201176;4;10156;0;11.0;26;1.585;cm
CAMP1;201176;4;10156;0;11.5;26;1.585;cm
CAMP1;201176;4;10156;0;12.0;21;1.585;cm
CAMP1;201176;4;10156;0;12.5;9;1.585;cm
CAMP1;201176;4;10156;0;13.0;6;1.585;cm
CAMP1;201176;4;10156;0;13.5;3;1.585;cm
CAMP1;201176;4;10156;0;14.0;1;1.585;cm
CAMP1;201176;4;10156;0;14.5;1;1.585;cm
CAMP1;201176;4;10156;0;16.5;1;1.585;cm
CAMP1;201176;4;10283;0;20.5;1;0.740;cm
CAMP1;201176;4;10283;0;26.0;1;0.740;cm
CAMP1;201176;4;10283;0;30.0;1;0.740;cm
CAMP1;201176;4;10283;0;37.0;1;0.740;cm
CAMP1;201176;4;10641;0;18.0;1;0.164;cm
CAMP1;201176;4;10641;0;18.5;1;0.164;cm
CAMP1;201176;4;10641;0;22.0;1;0.164;cm
CAMP1;201176;5;10152;2;12.5;2;4.365;cm
CAMP1;201176;5;10152;2;13.0;31;4.365;cm
CAMP1;201176;5;10152;2;13.5;72;4.365;cm
CAMP1;201176;5;10152;2;14.0;67;4.365;cm
CAMP1;201176;5;10152;2;14.5;23;4.365;cm
CAMP1;201176;5;10152;2;15.0;9;4.365;cm
CAMP1;201176;5;10152;2;15.5;5;4.365;cm
CAMP1;201176;5;10152;2;17.0;1;4.365;cm
CAMP1;201176;5;10152;2;17.5;1;4.365;cm
CAMP1;201176;5;10156;0;9.5;1;2.710;cm
CAMP1;201176;5;10156;0;10.5;1;2.710;cm
CAMP1;201176;5;10156;0;11.0;1;2.710;cm
CAMP1;201176;5;10156;0;11.5;8;2.710;cm
CAMP1;201176;5;10156;0;12.0;36;2.710;cm
CAMP1;201176;5;10156;0;12.5;51;2.710;cm
CAMP1;201176;5;10156;0;13.0;50;2.710;cm
CAMP1;201176;5;10156;0;13.5;43;2.710;cm
CAMP1;201176;5;10156;0;14.0;18;2.710;cm
CAMP1;201176;5;10156;0;14.5;4;2.710;cm
CAMP1;201176;5;10283;0;22.5;1;1.225;cm
CAMP1;201176;5;10283;0;28.0;1;1.225;cm
CAMP1;201176;5;10283;0;29.0;1;1.225;cm
CAMP1;201176;5;10283;0;29.5;1;1.225;cm
CAMP1;201176;5;10283;0;31.0;1;1.225;cm
CAMP1;201176;5;10283;0;35.0;1;1.225;cm
CAMP1;201176;5;10641;0;17.5;3;5.001;cm
CAMP1;201176;5;10641;0;18.0;16;5.001;cm
CAMP1;201176;5;10641;0;18.5;25;5.001;cm
CAMP1;201176;5;10641;0;19.0;23;5.001;cm
CAMP1;201176;5;10641;0;19.5;23;5.001;cm
CAMP1;201176;5;10641;0;20.0;6;5.001;cm
CAMP1;201176;5;10641;0;20.5;3;5.001;cm
CAMP1;201176;5;10641;0;21.0;2;5.001;cm
CAMP1;201176;5;10641;0;21.5;1;5.001;cm
CAMP1;201176;5;10641;0;22.5;1;5.001;cm
CAMP1;201176;5;10642;0;21.0;1;3.609;cm
CAMP1;201176;5;10642;0;21.5;1;3.609;cm
CAMP1;201176;5;10642;0;26.5;2;3.609;cm
CAMP1;201176;5;10642;0;27.0;4;3.609;cm
CAMP1;201176;5;10642;0;27.5;6;3.609;cm
CAMP1;201176;5;10642;0;28.0;3;3.609;cm
CAMP1;201176;5;10642;0;28.5;3;3.609;cm
CAMP1;201176;5;10642;0;29.5;2;3.609;cm
CAMP1;201176;5;10642;0;30.0;1;3.609;cm
CAMP1;201176;5;10642;0;32.0;1;3.609;cm
CAMP1;201176;6;10152;0;11.0;3;4.110;cm
CAMP1;201176;6;10152;0;11.5;7;4.110;cm
CAMP1;201176;6;10152;0;12.0;8;4.110;cm
CAMP1;201176;6;10152;0;12.5;15;4.110;cm
CAMP1;201176;6;10152;0;13.0;48;4.110;cm
CAMP1;201176;6;10152;0;13.5;69;4.110;cm
CAMP1;201176;6;10152;0;14.0;48;4.110;cm
CAMP1;201176;6;10152;0;14.5;15;4.110;cm
CAMP1;201176;6;10152;0;15.0;4;4.110;cm
CAMP1;201176;6;10152;0;15.5;1;4.110;cm
CAMP1;201176;6;10156;0;7.5;3;1.065;cm
CAMP1;201176;6;10156;0;8.0;19;1.065;cm
CAMP1;201176;6;10156;0;8.5;35;1.065;cm
CAMP1;201176;6;10156;0;9.0;50;1.065;cm
CAMP1;201176;6;10156;0;9.5;47;1.065;cm
CAMP1;201176;6;10156;0;10.0;39;1.065;cm
CAMP1;201176;6;10156;0;10.5;13;1.065;cm
CAMP1;201176;6;10156;0;11.0;3;1.065;cm
CAMP1;201176;6;10156;0;11.5;5;1.065;cm
CAMP1;201176;6;10156;0;12.0;2;1.065;cm
CAMP1;201176;6;10156;0;12.5;1;1.065;cm
CAMP1;201176;6;10507;0;21.5;1;0.150;cm
CAMP1;201176;6;10642;0;27.5;1;0.125;cm
CAMP1;201176;6;10675;0;34.5;1;0.415;cm
CAMP1;201176;6;10696;0;2.0;2;0.001;cm
CAMP1;201176;6;10696;0;2.5;1;0.001;cm
CAMP1;201176;6;11192;0;17.5;1;0.090;cm
CAMP1;201176;7;10156;0;12.0;3;3.325;cm
CAMP1;201176;7;10156;0;12.5;20;3.325;cm
CAMP1;201176;7;10156;0;13.0;31;3.325;cm
CAMP1;201176;7;10156;0;13.5;54;3.325;cm
CAMP1;201176;7;10156;0;14.0;41;3.325;cm
CAMP1;201176;7;10156;0;14.5;40;3.325;cm
CAMP1;201176;7;10156;0;15.0;8;3.325;cm
CAMP1;201176;7;10156;0;15.5;4;3.325;cm
CAMP1;201176;7;10156;0;16.0;1;3.325;cm
CAMP1;201176;7;10156;0;17.0;1;3.325;cm
CAMP1;201176;7;10641;0;18.5;1;21.790;cm
CAMP1;201176;7;10641;0;20.0;1;21.790;cm
CAMP1;201176;7;10641;0;21.0;5;21.790;cm
CAMP1;201176;7;10641;0;21.5;12;21.790;cm
CAMP1;201176;7;10641;0;22.0;31;21.790;cm
CAMP1;201176;7;10641;0;22.5;43;21.790;cm
CAMP1;201176;7;10641;0;23.0;59;21.790;cm
CAMP1;201176;7;10641;0;23.5;27;21.790;cm
CAMP1;201176;7;10641;0;24.0;19;21.790;cm
CAMP1;201176;7;10641;0;24.5;9;21.790;cm
CAMP1;201176;7;10641;0;25.0;4;21.790;cm
CAMP1;201176;7;10641;0;25.5;1;21.790;cm
CAMP1;201176;7;10641;0;26.0;1;21.790;cm
CAMP1;201176;8;10152;1;12.5;2;6.510;cm
CAMP1;201176;8;10152;1;13.0;5;6.510;cm
CAMP1;201176;8;10152;1;13.5;16;6.510;cm
CAMP1;201176;8;10152;1;14.0;33;6.510;cm
CAMP1;201176;8;10152;1;14.5;40;6.510;cm
CAMP1;201176;8;10152;1;15.0;39;6.510;cm
CAMP1;201176;8;10152;1;15.5;36;6.510;cm
CAMP1;201176;8;10152;1;16.0;19;6.510;cm
CAMP1;201176;8;10152;1;16.5;10;6.510;cm
CAMP1;201176;8;10152;1;17.0;3;6.510;cm
CAMP1;201176;8;10152;1;17.5;2;6.510;cm
CAMP1;201176;8;10152;1;18.0;2;6.510;cm
CAMP1;201176;8;10152;1;18.5;1;6.510;cm
CAMP1;201176;8;10152;1;21.0;1;6.510;cm
CAMP1;201176;8;10152;2;10.0;7;2.628;cm
CAMP1;201176;8;10152;2;10.5;29;2.628;cm
CAMP1;201176;8;10152;2;11.0;60;2.628;cm
CAMP1;201176;8;10152;2;11.5;49;2.628;cm
CAMP1;201176;8;10152;2;12.0;32;2.628;cm
CAMP1;201176;8;10152;2;12.5;8;2.628;cm
CAMP1;201176;8;10152;2;13.0;7;2.628;cm
CAMP1;201176;8;10152;2;13.5;9;2.628;cm
CAMP1;201176;8;10152;2;14.0;3;2.628;cm
CAMP1;201176;8;10152;2;14.5;1;2.628;cm
CAMP1;201176;8;10152;2;15.0;1;2.628;cm
CAMP1;201176;8;10156;0;8.0;2;1.085;cm
CAMP1;201176;8;10156;0;8.5;24;1.085;cm
CAMP1;201176;8;10156;0;9.0;58;1.085;cm
CAMP1;201176;8;10156;0;9.5;73;1.085;cm
CAMP1;201176;8;10156;0;10.0;29;1.085;cm
CAMP1;201176;8;10156;0;10.5;12;1.085;cm
CAMP1;201176;8;10156;0;11.0;3;1.085;cm
CAMP1;201176;8;10156;0;11.5;4;1.085;cm
CAMP1;201176;8;10156;0;12.0;1;1.085;cm
CAMP1;201176;8;10338;0;38.0;1;1.310;cm
CAMP1;201176;8;10407;0;32.5;1;0.295;cm
CAMP1;201176;8;10416;0;28.5;3;0.560;cm
CAMP1;201176;8;10456;0;17.5;2;1.280;cm
CAMP1;201176;8;10456;0;18.0;1;1.280;cm
CAMP1;201176;8;10456;0;18.5;1;1.280;cm
CAMP1;201176;8;10456;0;19.0;4;1.280;cm
CAMP1;201176;8;10456;0;19.5;2;1.280;cm
CAMP1;201176;8;10488;0;14.5;1;4.170;cm
CAMP1;201176;8;10488;0;18.5;1;4.170;cm
CAMP1;201176;8;10488;0;19.0;1;4.170;cm
CAMP1;201176;8;10488;0;19.5;2;4.170;cm
CAMP1;201176;8;10488;0;20.0;2;4.170;cm
CAMP1;201176;8;10488;0;20.5;4;4.170;cm
CAMP1;201176;8;10488;0;21.0;4;4.170;cm
CAMP1;201176;8;10488;0;21.5;1;4.170;cm
CAMP1;201176;8;10488;0;22.5;1;4.170;cm
CAMP1;201176;8;10488;0;23.0;2;4.170;cm
CAMP1;201176;8;10488;0;23.5;4;4.170;cm
CAMP1;201176;8;10488;0;24.0;1;4.170;cm
CAMP1;201176;8;10488;0;24.5;3;4.170;cm
CAMP1;201176;8;10488;0;25.5;1;4.170;cm
CAMP1;201176;8;10488;0;27.5;1;4.170;cm
CAMP1;201176;8;10490;0;14.0;1;1.090;cm
CAMP1;201176;8;10490;0;14.5;1;1.090;cm
CAMP1;201176;8;10490;0;15.0;1;1.090;cm
CAMP1;201176;8;10490;0;15.5;2;1.090;cm
CAMP1;201176;8;10490;0;16.0;3;1.090;cm
CAMP1;201176;8;10490;0;16.5;1;1.090;cm
CAMP1;201176;8;10490;0;19.0;1;1.090;cm
CAMP1;201176;8;10490;0;20.0;3;1.090;cm
CAMP1;201176;8;10490;0;20.5;2;1.090;cm
CAMP1;201176;8;10493;0;13.0;2;0.075;cm
CAMP1;201176;8;10507;0;17.0;1;0.170;cm
CAMP1;201176;8;10507;0;18.5;1;0.170;cm
CAMP1;201176;8;10675;0;28.0;1;1.305;cm
CAMP1;201176;8;10675;0;30.0;1;1.305;cm
CAMP1;201176;8;10675;0;41.0;1;1.305;cm
CAMP1;201176;8;11192;0;11.5;3;4.935;cm
CAMP1;201176;8;11192;0;12.0;5;4.935;cm
CAMP1;201176;8;11192;0;12.5;15;4.935;cm
CAMP1;201176;8;11192;0;13.0;11;4.935;cm
CAMP1;201176;8;11192;0;13.5;19;4.935;cm
CAMP1;201176;8;11192;0;14.0;18;4.935;cm
CAMP1;201176;8;11192;0;14.5;11;4.935;cm
CAMP1;201176;8;11192;0;15.0;10;4.935;cm
CAMP1;201176;8;11192;0;15.5;7;4.935;cm
CAMP1;201176;8;11192;0;16.0;7;4.935;cm
CAMP1;201176;8;11192;0;16.5;6;4.935;cm
CAMP1;201176;8;11192;0;17.0;1;4.935;cm
CAMP1;201176;8;11192;0;18.0;1;4.935;cm
CAMP1;201176;8;12822;0;15.5;1;0.155;cm
CAMP1;201176;8;12822;0;17.0;1;0.155;cm
CAMP1;201176;8;12822;0;18.0;1;0.155;cm
CAMP1;201176;9;10152;0;14.5;3;9.910;cm
CAMP1;201176;9;10152;0;15.0;6;9.910;cm
CAMP1;201176;9;10152;0;15.5;9;9.910;cm
CAMP1;201176;9;10152;0;16.0;24;9.910;cm
CAMP1;201176;9;10152;0;16.5;27;9.910;cm
CAMP1;201176;9;10152;0;17.0;38;9.910;cm
CAMP1;201176;9;10152;0;17.5;53;9.910;cm
CAMP1;201176;9;10152;0;18.0;32;9.910;cm
CAMP1;201176;9;10152;0;18.5;15;9.910;cm
CAMP1;201176;9;10152;0;19.0;3;9.910;cm
CAMP1;201176;9;10152;0;19.5;2;9.910;cm
CAMP1;201176;9;10156;0;11.0;1;3.300;cm
CAMP1;201176;9;10156;0;11.5;8;3.300;cm
CAMP1;201176;9;10156;0;12.0;7;3.300;cm
CAMP1;201176;9;10156;0;12.5;24;3.300;cm
CAMP1;201176;9;10156;0;13.0;45;3.300;cm
CAMP1;201176;9;10156;0;13.5;46;3.300;cm
CAMP1;201176;9;10156;0;14.0;40;3.300;cm
CAMP1;201176;9;10156;0;14.5;20;3.300;cm
CAMP1;201176;9;10156;0;15.0;12;3.300;cm
CAMP1;201176;9;10156;0;15.5;3;3.300;cm
CAMP1;201176;9;10641;0;17.5;1;15.930;cm
CAMP1;201176;9;10641;0;18.0;4;15.930;cm
CAMP1;201176;9;10641;0;18.5;21;15.930;cm
CAMP1;201176;9;10641;0;19.0;30;15.930;cm
CAMP1;201176;9;10641;0;19.5;35;15.930;cm
CAMP1;201176;9;10641;0;20.0;25;15.930;cm
CAMP1;201176;9;10641;0;20.5;16;15.930;cm
CAMP1;201176;9;10641;0;21.0;15;15.930;cm
CAMP1;201176;9;10641;0;21.5;20;15.930;cm
CAMP1;201176;9;10641;0;22.0;27;15.930;cm
CAMP1;201176;9;10641;0;22.5;13;15.930;cm
CAMP1;201176;9;10641;0;23.0;15;15.930;cm
CAMP1;201176;9;10641;0;23.5;7;15.930;cm
CAMP1;201176;9;10641;0;24.0;1;15.930;cm
CAMP1;201176;9;10642;0;28.5;1;0.148;cm
CAMP1;201176;10;10152;0;15.5;1;11.165;cm
CAMP1;201176;10;10152;0;16.0;3;11.165;cm
CAMP1;201176;10;10152;0;16.5;13;11.165;cm
CAMP1;201176;10;10152;0;17.0;36;11.165;cm
CAMP1;201176;10;10152;0;17.5;37;11.165;cm
CAMP1;201176;10;10152;0;18.0;57;11.165;cm
CAMP1;201176;10;10152;0;18.5;35;11.165;cm
CAMP1;201176;10;10152;0;19.0;17;11.165;cm
CAMP1;201176;10;10152;0;19.5;6;11.165;cm
CAMP1;201176;10;10152;0;20.0;1;11.165;cm
CAMP1;201176;10;10156;0;11.5;1;4.005;cm
CAMP1;201176;10;10156;0;12.0;3;4.005;cm
CAMP1;201176;10;10156;0;12.5;5;4.005;cm
CAMP1;201176;10;10156;0;13.0;21;4.005;cm
CAMP1;201176;10;10156;0;13.5;43;4.005;cm
CAMP1;201176;10;10156;0;14.0;42;4.005;cm
CAMP1;201176;10;10156;0;14.5;38;4.005;cm
CAMP1;201176;10;10156;0;15.0;32;4.005;cm
CAMP1;201176;10;10156;0;15.5;24;4.005;cm
CAMP1;201176;10;10156;0;16.0;3;4.005;cm
CAMP1;201176;10;10156;0;16.5;2;4.005;cm
CAMP1;201176;10;10156;0;17.0;1;4.005;cm
CAMP1;201176;10;10283;0;22.5;1;1.020;cm
CAMP1;201176;10;10283;0;24.0;1;1.020;cm
CAMP1;201176;10;10283;0;28.0;1;1.020;cm
CAMP1;201176;10;10283;0;28.5;1;1.020;cm
CAMP1;201176;10;10283;0;30.0;1;1.020;cm
CAMP1;201176;10;10283;0;31.0;1;1.020;cm
CAMP1;201176;10;10310;0;11.5;2;2.247;cm
CAMP1;201176;10;10310;0;12.0;2;2.247;cm
CAMP1;201176;10;10310;0;12.5;1;2.247;cm
CAMP1;201176;10;10310;0;13.0;6;2.247;cm
CAMP1;201176;10;10310;0;13.5;22;2.247;cm
CAMP1;201176;10;10310;0;14.0;38;2.247;cm
CAMP1;201176;10;10310;0;14.5;25;2.247;cm
CAMP1;201176;10;10310;0;15.0;16;2.247;cm
CAMP1;201176;10;10310;0;15.5;8;2.247;cm
CAMP1;201176;10;10310;0;16.0;6;2.247;cm
CAMP1;201176;10;10310;0;16.5;4;2.247;cm
CAMP1;201176;10;10310;0;17.0;1;2.247;cm
CAMP1;201176;10;10415;0;20.5;6;5.507;cm
CAMP1;201176;10;10415;0;21.0;11;5.507;cm
CAMP1;201176;10;10415;0;21.5;19;5.507;cm
CAMP1;201176;10;10415;0;22.0;11;5.507;cm
CAMP1;201176;10;10415;0;22.5;4;5.507;cm
CAMP1;201176;10;10415;0;23.0;3;5.507;cm
CAMP1;201176;10;10415;0;23.5;4;5.507;cm
CAMP1;201176;10;10415;0;24.0;3;5.507;cm
CAMP1;201176;10;10415;0;24.5;1;5.507;cm
CAMP1;201176;10;10415;0;25.0;3;5.507;cm
CAMP1;201176;10;10415;0;25.5;1;5.507;cm
CAMP1;201176;10;10522;0;24.5;1;0.285;cm
CAMP1;201176;10;10522;0;25.5;1;0.285;cm
CAMP1;201176;10;10641;0;17.5;1;15.660;cm
CAMP1;201176;10;10641;0;18.0;1;15.660;cm
CAMP1;201176;10;10641;0;18.5;9;15.660;cm
CAMP1;201176;10;10641;0;19.0;16;15.660;cm
CAMP1;201176;10;10641;0;19.5;29;15.660;cm
CAMP1;201176;10;10641;0;20.0;32;15.660;cm
CAMP1;201176;10;10641;0;20.5;22;15.660;cm
CAMP1;201176;10;10641;0;21.0;18;15.660;cm
CAMP1;201176;10;10641;0;21.5;12;15.660;cm
CAMP1;201176;10;10641;0;22.0;11;15.660;cm
CAMP1;201176;10;10641;0;22.5;10;15.660;cm
CAMP1;201176;10;10641;0;23.0;13;15.660;cm
CAMP1;201176;10;10641;0;23.5;10;15.660;cm
CAMP1;201176;10;10641;0;24.0;6;15.660;cm
CAMP1;201176;10;10641;0;24.5;4;15.660;cm
CAMP1;201176;10;10641;0;25.0;3;15.660;cm
CAMP1;201176;10;10641;0;25.5;4;15.660;cm
CAMP1;201176;10;10641;0;26.0;2;15.660;cm
CAMP1;201176;10;10641;0;28.0;1;15.660;cm
CAMP1;201176;10;10642;0;19.0;1;1.437;cm
CAMP1;201176;10;10642;0;20.5;7;1.437;cm
CAMP1;201176;10;10642;0;21.0;6;1.437;cm
CAMP1;201176;10;10642;0;21.5;6;1.437;cm
CAMP1;201176;10;10642;0;22.0;2;1.437;cm
CAMP1;201176;10;10642;0;27.5;1;1.437;cm
CAMP1;201176;10;10816;0;35.5;1;2.570;cm
CAMP1;201176;11;10152;0;15.5;2;10.460;cm
CAMP1;201176;11;10152;0;16.0;3;10.460;cm
CAMP1;201176;11;10152;0;16.5;19;10.460;cm
CAMP1;201176;11;10152;0;17.0;20;10.460;cm
CAMP1;201176;11;10152;0;17.5;56;10.460;cm
CAMP1;201176;11;10152;0;18.0;68;10.460;cm
CAMP1;201176;11;10152;0;18.5;30;10.460;cm
CAMP1;201176;11;10152;0;19.0;7;10.460;cm
CAMP1;201176;11;10152;0;19.5;1;10.460;cm
CAMP1;201176;11;10152;0;20.0;1;10.460;cm
CAMP1;201176;11;10156;0;10.0;1;3.880;cm
CAMP1;201176;11;10156;0;11.0;1;3.880;cm
CAMP1;201176;11;10156;0;12.0;1;3.880;cm
CAMP1;201176;11;10156;0;12.5;8;3.880;cm
CAMP1;201176;11;10156;0;13.0;21;3.880;cm
CAMP1;201176;11;10156;0;13.5;64;3.880;cm
CAMP1;201176;11;10156;0;14.0;54;3.880;cm
CAMP1;201176;11;10156;0;14.5;40;3.880;cm
CAMP1;201176;11;10156;0;15.0;14;3.880;cm
CAMP1;201176;11;10156;0;15.5;6;3.880;cm
CAMP1;201176;11;10156;0;16.0;2;3.880;cm
CAMP1;201176;11;10156;0;16.5;1;3.880;cm
CAMP1;201176;11;10283;0;27.0;1;0.475;cm
CAMP1;201176;11;10283;0;27.5;1;0.475;cm
CAMP1;201176;11;10283;0;29.5;1;0.475;cm
CAMP1;201176;11;10310;0;11.0;1;0.370;cm
CAMP1;201176;11;10310;0;12.5;4;0.370;cm
CAMP1;201176;11;10310;0;13.0;6;0.370;cm
CAMP1;201176;11;10310;0;13.5;6;0.370;cm
CAMP1;201176;11;10310;0;14.0;5;0.370;cm
CAMP1;201176;11;10310;0;14.5;5;0.370;cm
CAMP1;201176;11;10310;0;15.0;1;0.370;cm
CAMP1;201176;11;10323;0;6.0;2;0.029;cm
CAMP1;201176;11;10323;0;6.5;2;0.029;cm
CAMP1;201176;11;10323;0;7.0;1;0.029;cm
CAMP1;201176;11;10414;0;17.5;2;17.300;cm
CAMP1;201176;11;10414;0;18.0;1;17.300;cm
CAMP1;201176;11;10414;0;18.5;4;17.300;cm
CAMP1;201176;11;10414;0;19.0;8;17.300;cm
CAMP1;201176;11;10414;0;19.5;6;17.300;cm
CAMP1;201176;11;10414;0;20.0;9;17.300;cm
CAMP1;201176;11;10414;0;20.5;9;17.300;cm
CAMP1;201176;11;10414;0;21.0;23;17.300;cm
CAMP1;201176;11;10414;0;21.5;31;17.300;cm
CAMP1;201176;11;10414;0;22.0;28;17.300;cm
CAMP1;201176;11;10414;0;22.5;29;17.300;cm
CAMP1;201176;11;10414;0;23.0;36;17.300;cm
CAMP1;201176;11;10414;0;23.5;13;17.300;cm
CAMP1;201176;11;10414;0;24.0;6;17.300;cm
CAMP1;201176;11;10414;0;24.5;2;17.300;cm
CAMP1;201176;11;10414;0;25.0;2;17.300;cm
CAMP1;201176;11;10415;0;18.5;1;14.070;cm
CAMP1;201176;11;10415;0;19.0;9;14.070;cm
CAMP1;201176;11;10415;0;19.5;25;14.070;cm
CAMP1;201176;11;10415;0;20.0;43;14.070;cm
CAMP1;201176;11;10415;0;20.5;39;14.070;cm
CAMP1;201176;11;10415;0;21.0;17;14.070;cm
CAMP1;201176;11;10415;0;21.5;14;14.070;cm
CAMP1;201176;11;10415;0;22.0;27;14.070;cm
CAMP1;201176;11;10415;0;22.5;11;14.070;cm
CAMP1;201176;11;10415;0;23.0;7;14.070;cm
CAMP1;201176;11;10415;0;23.5;5;14.070;cm
CAMP1;201176;11;10415;0;24.0;1;14.070;cm
CAMP1;201176;11;10522;0;24.5;1;0.457;cm
CAMP1;201176;11;10522;0;25.0;1;0.457;cm
CAMP1;201176;11;10522;0;26.0;1;0.457;cm
CAMP1;201176;11;10641;0;18.0;3;17.530;cm
CAMP1;201176;11;10641;0;18.5;8;17.530;cm
CAMP1;201176;11;10641;0;19.0;7;17.530;cm
CAMP1;201176;11;10641;0;19.5;22;17.530;cm
CAMP1;201176;11;10641;0;20.0;17;17.530;cm
CAMP1;201176;11;10641;0;20.5;21;17.530;cm
CAMP1;201176;11;10641;0;21.0;13;17.530;cm
CAMP1;201176;11;10641;0;21.5;20;17.530;cm
CAMP1;201176;11;10641;0;22.0;18;17.530;cm
CAMP1;201176;11;10641;0;22.5;20;17.530;cm
CAMP1;201176;11;10641;0;23.0;18;17.530;cm
CAMP1;201176;11;10641;0;23.5;23;17.530;cm
CAMP1;201176;11;10641;0;24.0;8;17.530;cm
CAMP1;201176;11;10641;0;24.5;3;17.530;cm
CAMP1;201176;11;10641;0;25.0;6;17.530;cm
CAMP1;201176;11;10641;0;25.5;3;17.530;cm
CAMP1;201176;11;10641;0;26.0;1;17.530;cm
CAMP1;201176;11;10642;1;33.0;1;0.295;cm
CAMP1;201176;11;10642;2;19.0;8;10.398;cm
CAMP1;201176;11;10642;2;19.5;41;10.398;cm
CAMP1;201176;11;10642;2;20.0;50;10.398;cm
CAMP1;201176;11;10642;2;20.5;62;10.398;cm
CAMP1;201176;11;10642;2;21.0;23;10.398;cm
CAMP1;201176;11;10642;2;21.5;2;10.398;cm
CAMP1;201176;11;10816;0;33.0;1;2.020;cm
CAMP1;201176;12;10152;0;15.5;4;11.330;cm
CAMP1;201176;12;10152;0;16.0;3;11.330;cm
CAMP1;201176;12;10152;0;16.5;9;11.330;cm
CAMP1;201176;12;10152;0;17.0;22;11.330;cm
CAMP1;201176;12;10152;0;17.5;59;11.330;cm
CAMP1;201176;12;10152;0;18.0;61;11.330;cm
CAMP1;201176;12;10152;0;18.5;31;11.330;cm
CAMP1;201176;12;10152;0;19.0;13;11.330;cm
CAMP1;201176;12;10152;0;19.5;1;11.330;cm
CAMP1;201176;12;10152;0;20.0;4;11.330;cm
CAMP1;201176;12;10152;0;20.5;1;11.330;cm
CAMP1;201176;12;10152;0;21.0;1;11.330;cm
CAMP1;201176;12;10156;0;10.0;1;0.006;cm
CAMP1;201176;12;10507;0;24.5;2;0.495;cm
CAMP1;201176;13;10152;0;15.5;4;11.210;cm
CAMP1;201176;13;10152;0;16.0;7;11.210;cm
CAMP1;201176;13;10152;0;16.5;19;11.210;cm
CAMP1;201176;13;10152;0;17.0;19;11.210;cm
CAMP1;201176;13;10152;0;17.5;51;11.210;cm
CAMP1;201176;13;10152;0;18.0;51;11.210;cm
CAMP1;201176;13;10152;0;18.5;39;11.210;cm
CAMP1;201176;13;10152;0;19.0;9;11.210;cm
CAMP1;201176;13;10152;0;19.5;5;11.210;cm
CAMP1;201176;13;10152;0;20.0;1;11.210;cm
CAMP1;201176;13;10156;0;14.0;1;0.020;cm
CAMP1;201176;13;10283;0;23.0;1;0.195;cm
CAMP1;201176;13;10283;0;26.0;1;0.195;cm
CAMP1;201176;13;10489;0;27.0;1;0.285;cm
CAMP1;201176;13;10495;0;17.0;1;5.400;cm
CAMP1;201176;13;10495;0;18.5;2;5.400;cm
CAMP1;201176;13;10495;0;19.0;2;5.400;cm
CAMP1;201176;13;10495;0;19.5;1;5.400;cm
CAMP1;201176;13;10495;0;20.5;4;5.400;cm
CAMP1;201176;13;10495;0;21.0;6;5.400;cm
CAMP1;201176;13;10495;0;21.5;6;5.400;cm
CAMP1;201176;13;10495;0;22.5;3;5.400;cm
CAMP1;201176;13;10495;0;23.5;3;5.400;cm
CAMP1;201176;13;10495;0;24.0;1;5.400;cm
CAMP1;201176;13;10495;0;24.5;1;5.400;cm
CAMP1;201176;13;10495;0;25.0;1;5.400;cm
CAMP1;201176;13;10495;0;25.5;1;5.400;cm
CAMP1;201176;13;10495;0;26.0;1;5.400;cm
CAMP1;201176;13;10641;0;19.5;2;16.890;cm
CAMP1;201176;13;10641;0;20.0;9;16.890;cm
CAMP1;201176;13;10641;0;20.5;12;16.890;cm
CAMP1;201176;13;10641;0;21.0;17;16.890;cm
CAMP1;201176;13;10641;0;21.5;35;16.890;cm
CAMP1;201176;13;10641;0;22.0;33;16.890;cm
CAMP1;201176;13;10641;0;22.5;30;16.890;cm
CAMP1;201176;13;10641;0;23.0;29;16.890;cm
CAMP1;201176;13;10641;0;23.5;5;16.890;cm
CAMP1;201176;13;10641;0;24.0;7;16.890;cm
CAMP1;201176;13;10641;0;24.5;4;16.890;cm
CAMP1;201176;13;10641;0;25.0;1;16.890;cm
CAMP1;201176;13;10641;0;25.5;2;16.890;cm
CAMP1;201176;13;10641;0;26.0;1;16.890;cm
CAMP1;201176;14;10156;0;13.0;4;5.460;cm
CAMP1;201176;14;10156;0;13.5;11;5.460;cm
CAMP1;201176;14;10156;0;14.0;21;5.460;cm
CAMP1;201176;14;10156;0;14.5;26;5.460;cm
CAMP1;201176;14;10156;0;15.0;31;5.460;cm
CAMP1;201176;14;10156;0;15.5;42;5.460;cm
CAMP1;201176;14;10156;0;16.0;35;5.460;cm
CAMP1;201176;14;10156;0;16.5;27;5.460;cm
CAMP1;201176;14;10156;0;17.0;9;5.460;cm
CAMP1;201176;14;10156;0;17.5;2;5.460;cm
CAMP1;201176;14;10283;0;19.0;1;1.370;cm
CAMP1;201176;14;10283;0;21.0;2;1.370;cm
CAMP1;201176;14;10283;0;22.5;1;1.370;cm
CAMP1;201176;14;10283;0;23.5;1;1.370;cm
CAMP1;201176;14;10283;0;24.5;1;1.370;cm
CAMP1;201176;14;10283;0;25.0;1;1.370;cm
CAMP1;201176;14;10283;0;26.5;1;1.370;cm
CAMP1;201176;14;10283;0;28.5;1;1.370;cm
CAMP1;201176;14;10283;0;40.5;1;1.370;cm
CAMP1;201176;14;10641;0;18.0;1;13.890;cm
CAMP1;201176;14;10641;0;18.5;4;13.890;cm
CAMP1;201176;14;10641;0;19.0;25;13.890;cm
CAMP1;201176;14;10641;0;19.5;38;13.890;cm
CAMP1;201176;14;10641;0;20.0;47;13.890;cm
CAMP1;201176;14;10641;0;20.5;32;13.890;cm
CAMP1;201176;14;10641;0;21.0;23;13.890;cm
CAMP1;201176;14;10641;0;21.5;14;13.890;cm
CAMP1;201176;14;10641;0;22.0;9;13.890;cm
CAMP1;201176;14;10641;0;22.5;4;13.890;cm
CAMP1;201176;14;10641;0;23.0;5;13.890;cm
CAMP1;201176;14;10641;0;23.5;2;13.890;cm
CAMP1;201176;14;10641;0;24.5;1;13.890;cm
CAMP1;201176;14;10642;1;28.5;2;0.892;cm
CAMP1;201176;14;10642;1;32.5;1;0.892;cm
CAMP1;201176;14;10642;1;33.0;1;0.892;cm
CAMP1;201176;14;10642;2;18.5;2;10.385;cm
CAMP1;201176;14;10642;2;19.0;20;10.385;cm
CAMP1;201176;14;10642;2;19.5;86;10.385;cm
CAMP1;201176;14;10642;2;20.0;64;10.385;cm
CAMP1;201176;14;10642;2;20.5;25;10.385;cm
CAMP1;201176;14;10642;2;21.0;2;10.385;cm
CAMP1;201176;14;10642;2;21.5;1;10.385;cm
CAMP1;201176;15;10177;0;3.0;2;0.044;cm
CAMP1;201176;15;10177;0;4.0;8;0.044;cm
CAMP1;201176;15;10177;0;4.5;16;0.044;cm
CAMP1;201176;15;10177;0;5.0;5;0.044;cm
CAMP1;201176;15;10177;0;5.5;8;0.044;cm
CAMP1;201176;15;10177;0;6.0;4;0.044;cm
CAMP1;201176;15;10283;0;13.5;1;0.260;cm
CAMP1;201176;15;10283;0;21.0;1;0.260;cm
CAMP1;201176;15;10283;0;22.0;1;0.260;cm
CAMP1;201176;15;10283;0;26.5;1;0.260;cm
CAMP1;201176;15;10415;0;23.0;1;0.102;cm
CAMP1;201176;15;10641;0;20.0;1;0.301;cm
CAMP1;201176;15;10641;0;20.5;1;0.301;cm
CAMP1;201176;15;10641;0;21.0;1;0.301;cm
CAMP1;201176;15;10641;0;24.0;1;0.301;cm
CAMP1;201176;15;10642;0;19.5;4;7.765;cm
CAMP1;201176;15;10642;0;20.0;24;7.765;cm
CAMP1;201176;15;10642;0;20.5;56;7.765;cm
CAMP1;201176;15;10642;0;21.0;39;7.765;cm
CAMP1;201176;15;10642;0;21.5;9;7.765;cm
CAMP1;201176;15;10816;0;32.0;1;20.270;cm
CAMP1;201176;15;10816;0;33.0;2;20.270;cm
CAMP1;201176;15;10816;0;34.5;1;20.270;cm
CAMP1;201176;15;10816;0;35.5;2;20.270;cm
CAMP1;201176;15;10816;0;36.0;1;20.270;cm
CAMP1;201176;15;10816;0;37.0;1;20.270;cm
CAMP1;201176;16;10156;0;13.5;2;5.585;cm
CAMP1;201176;16;10156;0;14.0;12;5.585;cm
CAMP1;201176;16;10156;0;14.5;33;5.585;cm
CAMP1;201176;16;10156;0;15.0;46;5.585;cm
CAMP1;201176;16;10156;0;15.5;57;5.585;cm
CAMP1;201176;16;10156;0;16.0;30;5.585;cm
CAMP1;201176;16;10156;0;16.5;20;5.585;cm
CAMP1;201176;16;10156;0;17.0;4;5.585;cm
CAMP1;201176;16;10156;0;17.5;1;5.585;cm
CAMP1;201176;16;10283;0;21.0;1;0.970;cm
CAMP1;201176;16;10283;0;21.5;1;0.970;cm
CAMP1;201176;16;10283;0;22.0;1;0.970;cm
CAMP1;201176;16;10283;0;24.0;1;0.970;cm
CAMP1;201176;16;10283;0;26.0;2;0.970;cm
CAMP1;201176;16;10283;0;26.5;1;0.970;cm
CAMP1;201176;16;10283;0;28.5;1;0.970;cm
CAMP1;201176;16;10283;0;30.0;1;0.970;cm
CAMP1;201176;16;10353;0;7.5;1;0.010;cm
CAMP1;201176;16;10414;0;21.5;1;4.910;cm
CAMP1;201176;16;10414;0;22.0;4;4.910;cm
CAMP1;201176;16;10414;0;22.5;4;4.910;cm
CAMP1;201176;16;10414;0;23.0;9;4.910;cm
CAMP1;201176;16;10414;0;23.5;8;4.910;cm
CAMP1;201176;16;10414;0;24.0;7;4.910;cm
CAMP1;201176;16;10414;0;24.5;4;4.910;cm
CAMP1;201176;16;10414;0;25.0;2;4.910;cm
CAMP1;201176;16;10414;0;25.5;4;4.910;cm
CAMP1;201176;16;10414;0;28.5;1;4.910;cm
CAMP1;201176;16;10522;0;23.5;1;0.395;cm
CAMP1;201176;16;10522;0;24.5;2;0.395;cm
CAMP1;201176;16;10641;0;20.0;1;3.195;cm
CAMP1;201176;16;10641;0;21.0;2;3.195;cm
CAMP1;201176;16;10641;0;21.5;6;3.195;cm
CAMP1;201176;16;10641;0;22.0;10;3.195;cm
CAMP1;201176;16;10641;0;22.5;12;3.195;cm
CAMP1;201176;16;10641;0;23.0;4;3.195;cm
CAMP1;201176;16;10641;0;23.5;1;3.195;cm
CAMP1;201176;16;10641;0;24.0;2;3.195;cm
CAMP1;201176;16;10642;1;27.5;1;0.151;cm
CAMP1;201176;16;10642;2;19.5;12;11.920;cm
CAMP1;201176;16;10642;2;20.0;45;11.920;cm
CAMP1;201176;16;10642;2;20.5;100;11.920;cm
CAMP1;201176;16;10642;2;21.0;40;11.920;cm
CAMP1;201176;16;10642;2;21.5;6;11.920;cm
CAMP1;201176;16;10673;0;94.0;1;8.715;cm
CAMP1;201176;17;10152;1;15.5;1;14.160;cm
CAMP1;201176;17;10152;1;16.0;1;14.160;cm
CAMP1;201176;17;10152;1;16.5;6;14.160;cm
CAMP1;201176;17;10152;1;17.0;3;14.160;cm
CAMP1;201176;17;10152;1;17.5;11;14.160;cm
CAMP1;201176;17;10152;1;18.0;15;14.160;cm
CAMP1;201176;17;10152;1;18.5;25;14.160;cm
CAMP1;201176;17;10152;1;19.0;29;14.160;cm
CAMP1;201176;17;10152;1;19.5;42;14.160;cm
CAMP1;201176;17;10152;1;20.0;40;14.160;cm
CAMP1;201176;17;10152;1;20.5;27;14.160;cm
CAMP1;201176;17;10152;1;21.0;4;14.160;cm
CAMP1;201176;17;10152;1;21.5;1;14.160;cm
CAMP1;201176;17;10152;1;22.0;1;14.160;cm
CAMP1;201176;17;10152;2;14.0;1;7.795;cm
CAMP1;201176;17;10152;2;14.5;3;7.795;cm
CAMP1;201176;17;10152;2;15.0;6;7.795;cm
CAMP1;201176;17;10152;2;15.5;45;7.795;cm
CAMP1;201176;17;10152;2;16.0;62;7.795;cm
CAMP1;201176;17;10152;2;16.5;67;7.795;cm
CAMP1;201176;17;10152;2;17.0;16;7.795;cm
CAMP1;201176;17;10152;2;17.5;5;7.795;cm
CAMP1;201176;17;10152;2;18.0;2;7.795;cm
CAMP1;201176;17;10156;0;13.0;5;4.095;cm
CAMP1;201176;17;10156;0;13.5;23;4.095;cm
CAMP1;201176;17;10156;0;14.0;78;4.095;cm
CAMP1;201176;17;10156;0;14.5;54;4.095;cm
CAMP1;201176;17;10156;0;15.0;28;4.095;cm
CAMP1;201176;17;10156;0;15.5;9;4.095;cm
CAMP1;201176;17;10156;0;16.5;1;4.095;cm
CAMP1;201176;17;10414;0;18.0;1;0.338;cm
CAMP1;201176;17;10414;0;18.5;1;0.338;cm
CAMP1;201176;17;10414;0;24.5;2;0.338;cm
CAMP1;201176;17;10495;0;18.0;1;2.775;cm
CAMP1;201176;17;10495;0;18.5;2;2.775;cm
CAMP1;201176;17;10495;0;19.0;4;2.775;cm
CAMP1;201176;17;10495;0;19.5;1;2.775;cm
CAMP1;201176;17;10495;0;20.0;2;2.775;cm
CAMP1;201176;17;10495;0;20.5;2;2.775;cm
CAMP1;201176;17;10495;0;21.0;1;2.775;cm
CAMP1;201176;17;10495;0;23.0;3;2.775;cm
CAMP1;201176;17;10495;0;24.5;1;2.775;cm
CAMP1;201176;17;10495;0;28.0;1;2.775;cm
CAMP1;201176;17;10507;0;17.5;1;0.975;cm
CAMP1;201176;17;10507;0;18.5;1;0.975;cm
CAMP1;201176;17;10507;0;19.0;2;0.975;cm
CAMP1;201176;17;10507;0;20.0;2;0.975;cm
CAMP1;201176;17;10507;0;23.0;1;0.975;cm
CAMP1;201176;17;10507;0;24.0;1;0.975;cm
CAMP1;201176;17;10519;0;31.5;1;0.430;cm
CAMP1;201176;17;10522;0;18.5;1;0.222;cm
CAMP1;201176;17;10522;0;20.5;2;0.222;cm
CAMP1;201176;17;10816;0;32.0;1;33.920;cm
CAMP1;201176;17;10816;0;33.5;1;33.920;cm
CAMP1;201176;17;10816;0;34.0;1;33.920;cm
CAMP1;201176;17;10816;0;34.5;2;33.920;cm
CAMP1;201176;17;10816;0;35.0;2;33.920;cm
CAMP1;201176;17;10816;0;35.5;1;33.920;cm
CAMP1;201176;17;10816;0;36.0;1;33.920;cm
CAMP1;201176;17;10816;0;38.0;2;33.920;cm
CAMP1;201176;17;10816;0;42.5;1;33.920;cm
CAMP1;201176;18;10283;0;24.0;1;0.595;cm
CAMP1;201176;18;10283;0;29.5;1;0.595;cm
CAMP1;201176;18;10283;0;32.5;1;0.595;cm
CAMP1;201176;18;10414;0;24.0;1;0.236;cm
CAMP1;201176;18;10414;0;25.0;1;0.236;cm
CAMP1;201176;18;10641;0;19.5;2;13.974;cm
CAMP1;201176;18;10641;0;20.0;1;13.974;cm
CAMP1;201176;18;10641;0;20.5;3;13.974;cm
CAMP1;201176;18;10641;0;21.0;10;13.974;cm
CAMP1;201176;18;10641;0;21.5;23;13.974;cm
CAMP1;201176;18;10641;0;22.0;34;13.974;cm
CAMP1;201176;18;10641;0;22.5;44;13.974;cm
CAMP1;201176;18;10641;0;23.0;28;13.974;cm
CAMP1;201176;18;10641;0;23.5;10;13.974;cm
CAMP1;201176;18;10641;0;24.0;3;13.974;cm
CAMP1;201176;18;10642;0;19.0;4;11.220;cm
CAMP1;201176;18;10642;0;19.5;28;11.220;cm
CAMP1;201176;18;10642;0;20.0;75;11.220;cm
CAMP1;201176;18;10642;0;20.5;63;11.220;cm
CAMP1;201176;18;10642;0;21.0;30;11.220;cm
CAMP1;201176;18;10642;0;21.5;2;11.220;cm
CAMP1;201176;18;10642;0;22.0;1;11.220;cm
CAMP1;201176;19;10283;0;22.0;1;0.150;cm
CAMP1;201176;19;10283;0;22.5;1;0.150;cm
CAMP1;201176;19;10320;0;47.0;1;1.520;cm
CAMP1;201176;19;10414;0;25.5;2;0.704;cm
CAMP1;201176;19;10414;0;26.0;1;0.704;cm
CAMP1;201176;19;10414;0;26.5;1;0.704;cm
CAMP1;201176;19;10414;0;27.0;1;0.704;cm
CAMP1;201176;19;10522;0;21.0;1;0.418;cm
CAMP1;201176;19;10522;0;22.0;1;0.418;cm
CAMP1;201176;19;10522;0;22.5;1;0.418;cm
CAMP1;201176;19;10522;0;23.0;1;0.418;cm
CAMP1;201176;19;10639;0;40.5;1;0.670;cm
CAMP1;201176;19;10641;0;22.5;8;24.780;cm
CAMP1;201176;19;10641;0;23.0;5;24.780;cm
CAMP1;201176;19;10641;0;23.5;19;24.780;cm
CAMP1;201176;19;10641;0;24.0;24;24.780;cm
CAMP1;201176;19;10641;0;24.5;41;24.780;cm
CAMP1;201176;19;10641;0;25.0;28;24.780;cm
CAMP1;201176;19;10641;0;25.5;27;24.780;cm
CAMP1;201176;19;10641;0;26.0;26;24.780;cm
CAMP1;201176;19;10641;0;26.5;16;24.780;cm
CAMP1;201176;19;10641;0;27.0;6;24.780;cm
CAMP1;201176;19;10641;0;27.5;2;24.780;cm
CAMP1;201176;19;10642;0;19.0;3;11.550;cm
CAMP1;201176;19;10642;0;19.5;37;11.550;cm
CAMP1;201176;19;10642;0;20.0;73;11.550;cm
CAMP1;201176;19;10642;0;20.5;70;11.550;cm
CAMP1;201176;19;10642;0;21.0;19;11.550;cm
CAMP1;201176;19;10642;0;21.5;3;11.550;cm
CAMP1;201176;20;10152;1;15.5;2;12.150;cm
CAMP1;201176;20;10152;1;16.0;4;12.150;cm
CAMP1;201176;20;10152;1;16.5;10;12.150;cm
CAMP1;201176;20;10152;1;17.0;22;12.150;cm
CAMP1;201176;20;10152;1;17.5;27;12.150;cm
CAMP1;201176;20;10152;1;18.0;40;12.150;cm
CAMP1;201176;20;10152;1;18.5;41;12.150;cm
CAMP1;201176;20;10152;1;19.0;19;12.150;cm
CAMP1;201176;20;10152;1;19.5;25;12.150;cm
CAMP1;201176;20;10152;1;20.0;7;12.150;cm
CAMP1;201176;20;10152;1;20.5;5;12.150;cm
CAMP1;201176;20;10152;1;21.0;3;12.150;cm
CAMP1;201176;20;10152;1;21.5;1;12.150;cm
CAMP1;201176;20;10152;2;14.0;8;5.260;cm
CAMP1;201176;20;10152;2;14.5;19;5.260;cm
CAMP1;201176;20;10152;2;15.0;38;5.260;cm
CAMP1;201176;20;10152;2;15.5;36;5.260;cm
CAMP1;201176;20;10152;2;16.0;35;5.260;cm
CAMP1;201176;20;10152;2;16.5;25;5.260;cm
CAMP1;201176;20;10152;2;17.0;4;5.260;cm
CAMP1;201176;20;10152;2;17.5;1;5.260;cm
CAMP1;201176;20;10283;0;26.5;1;0.400;cm
CAMP1;201176;20;10283;0;31.0;1;0.400;cm
CAMP1;201176;20;10414;0;7.5;1;0.081;cm
CAMP1;201176;20;10414;0;18.0;1;0.081;cm
CAMP1;201176;20;10416;0;32.5;1;0.254;cm
CAMP1;201176;20;10490;0;20.0;1;0.230;cm
CAMP1;201176;20;10490;0;20.5;1;0.230;cm
CAMP1;201176;20;10495;0;23.0;1;0.180;cm
CAMP1;201176;20;10507;0;20.0;1;1.255;cm
CAMP1;201176;20;10507;0;20.5;3;1.255;cm
CAMP1;201176;20;10507;0;21.0;2;1.255;cm
CAMP1;201176;20;10507;0;21.5;1;1.255;cm
CAMP1;201176;20;10507;0;22.0;1;1.255;cm
CAMP1;201176;20;10507;0;22.5;1;1.255;cm
CAMP1;201176;20;10522;0;16.0;1;1.171;cm
CAMP1;201176;20;10522;0;24.5;1;1.171;cm
CAMP1;201176;20;10522;0;25.5;2;1.171;cm
CAMP1;201176;20;10522;0;30.5;1;1.171;cm
CAMP1;201176;20;10522;0;31.0;1;1.171;cm
CAMP1;201176;20;10537;0;16.5;1;0.050;cm
CAMP1;201176;20;10641;0;17.5;1;14.430;cm
CAMP1;201176;20;10641;0;18.0;3;14.430;cm
CAMP1;201176;20;10641;0;18.5;8;14.430;cm
CAMP1;201176;20;10641;0;19.0;16;14.430;cm
CAMP1;201176;20;10641;0;19.5;22;14.430;cm
CAMP1;201176;20;10641;0;20.0;47;14.430;cm
CAMP1;201176;20;10641;0;20.5;33;14.430;cm
CAMP1;201176;20;10641;0;21.0;22;14.430;cm
CAMP1;201176;20;10641;0;21.5;10;14.430;cm
CAMP1;201176;20;10641;0;22.0;12;14.430;cm
CAMP1;201176;20;10641;0;22.5;10;14.430;cm
CAMP1;201176;20;10641;0;23.0;5;14.430;cm
CAMP1;201176;20;10641;0;23.5;7;14.430;cm
CAMP1;201176;20;10641;0;24.0;5;14.430;cm
CAMP1;201176;20;10641;0;25.0;2;14.430;cm
CAMP1;201176;20;10642;0;28.0;1;1.467;cm
CAMP1;201176;20;10642;0;30.0;1;1.467;cm
CAMP1;201176;20;10642;0;30.5;1;1.467;cm
CAMP1;201176;20;10642;0;31.0;1;1.467;cm
CAMP1;201176;20;10642;0;32.0;1;1.467;cm
CAMP1;201176;20;10642;0;33.0;1;1.467;cm
CAMP1;201176;20;11192;0;16.5;1;0.095;cm
CAMP1;201176;20;12822;0;21.0;1;0.100;cm
CAMP1;201176;21;10156;0;10.0;1;3.975;cm
CAMP1;201176;21;10156;0;10.5;1;3.975;cm
CAMP1;201176;21;10156;0;11.0;3;3.975;cm
CAMP1;201176;21;10156;0;11.5;7;3.975;cm
CAMP1;201176;21;10156;0;12.0;7;3.975;cm
CAMP1;201176;21;10156;0;12.5;16;3.975;cm
CAMP1;201176;21;10156;0;13.0;11;3.975;cm
CAMP1;201176;21;10156;0;13.5;42;3.975;cm
CAMP1;201176;21;10156;0;14.0;20;3.975;cm
CAMP1;201176;21;10156;0;14.5;29;3.975;cm
CAMP1;201176;21;10156;0;15.0;28;3.975;cm
CAMP1;201176;21;10156;0;15.5;23;3.975;cm
CAMP1;201176;21;10156;0;16.0;13;3.975;cm
CAMP1;201176;21;10156;0;16.5;9;3.975;cm
CAMP1;201176;21;10156;0;17.0;1;3.975;cm
CAMP1;201176;21;10156;0;17.5;1;3.975;cm
CAMP1;201176;21;10283;0;23.5;1;0.090;cm
CAMP1;201176;21;10641;0;19.0;1;18.760;cm
CAMP1;201176;21;10641;0;19.5;1;18.760;cm
CAMP1;201176;21;10641;0;20.0;2;18.760;cm
CAMP1;201176;21;10641;0;20.5;7;18.760;cm
CAMP1;201176;21;10641;0;21.0;14;18.760;cm
CAMP1;201176;21;10641;0;21.5;27;18.760;cm
CAMP1;201176;21;10641;0;22.0;40;18.760;cm
CAMP1;201176;21;10641;0;22.5;39;18.760;cm
CAMP1;201176;21;10641;0;23.0;32;18.760;cm
CAMP1;201176;21;10641;0;23.5;19;18.760;cm
CAMP1;201176;21;10641;0;24.0;15;18.760;cm
CAMP1;201176;21;10641;0;24.5;3;18.760;cm
CAMP1;201176;21;10641;0;25.0;4;18.760;cm
CAMP1;201176;21;10642;0;21.5;1;21.975;cm
CAMP1;201176;21;10642;0;26.0;1;21.975;cm
CAMP1;201176;21;10642;0;27.0;11;21.975;cm
CAMP1;201176;21;10642;0;27.5;26;21.975;cm
CAMP1;201176;21;10642;0;28.0;21;21.975;cm
CAMP1;201176;21;10642;0;28.5;17;21.975;cm
CAMP1;201176;21;10642;0;29.0;16;21.975;cm
CAMP1;201176;21;10642;0;29.5;14;21.975;cm
CAMP1;201176;21;10642;0;30.0;8;21.975;cm
CAMP1;201176;21;10642;0;30.5;5;21.975;cm
CAMP1;201176;21;10642;0;31.0;2;21.975;cm
CAMP1;201176;21;10642;0;33.0;1;21.975;cm
CAMP1;201176;21;10642;0;34.5;1;21.975;cm
CAMP1;201176;21;10816;0;26.0;1;2.717;cm
CAMP1;201176;22;10156;0;9.0;1;2.014;cm
CAMP1;201176;22;10156;0;9.5;2;2.014;cm
CAMP1;201176;22;10156;0;10.0;6;2.014;cm
CAMP1;201176;22;10156;0;10.5;12;2.014;cm
CAMP1;201176;22;10156;0;11.0;45;2.014;cm
CAMP1;201176;22;10156;0;11.5;45;2.014;cm
CAMP1;201176;22;10156;0;12.0;54;2.014;cm
CAMP1;201176;22;10156;0;12.5;22;2.014;cm
CAMP1;201176;22;10156;0;13.0;11;2.014;cm
CAMP1;201176;22;10156;0;13.5;3;2.014;cm
CAMP1;201176;22;10156;0;14.0;2;2.014;cm
CAMP1;201176;22;10641;0;18.5;1;0.915;cm
CAMP1;201176;22;10641;0;19.0;2;0.915;cm
CAMP1;201176;22;10641;0;19.5;1;0.915;cm
CAMP1;201176;22;10641;0;20.0;3;0.915;cm
CAMP1;201176;22;10641;0;21.0;3;0.915;cm
CAMP1;201176;22;10641;0;21.5;1;0.915;cm
CAMP1;201176;22;10641;0;22.0;2;0.915;cm
CAMP1;201176;22;10641;0;23.0;1;0.915;cm
CAMP1;201176;22;10642;0;27.5;1;2.579;cm
CAMP1;201176;22;10642;0;28.0;1;2.579;cm
CAMP1;201176;22;10642;0;28.5;1;2.579;cm
CAMP1;201176;22;10642;0;29.0;2;2.579;cm
CAMP1;201176;22;10642;0;29.5;1;2.579;cm
CAMP1;201176;22;10642;0;30.0;2;2.579;cm
CAMP1;201176;22;10642;0;31.0;1;2.579;cm
CAMP1;201176;22;10642;0;32.0;2;2.579;cm
CAMP1;201176;22;10642;0;32.5;1;2.579;cm
CAMP1;201176;22;10816;0;33.5;1;10.440;cm
CAMP1;201176;22;10816;0;35.0;1;10.440;cm
CAMP1;201176;22;10816;0;35.5;1;10.440;cm
CAMP1;201176;22;10816;0;36.5;1;10.440;cm
CAMP2;201176;1;10152;0;14.5;1;0.022;cm
CAMP2;201176;1;10156;0;10.0;4;3.097;cm
CAMP2;201176;1;10156;0;10.5;30;3.097;cm
CAMP2;201176;1;10156;0;11.0;106;3.097;cm
CAMP2;201176;1;10156;0;11.5;84;3.097;cm
CAMP2;201176;1;10156;0;12.0;55;3.097;cm
CAMP2;201176;1;10156;0;12.5;24;3.097;cm
CAMP2;201176;1;10156;0;13.0;12;3.097;cm
CAMP2;201176;1;10156;0;13.5;3;3.097;cm
CAMP2;201176;1;10156;0;14.5;2;3.097;cm
CAMP2;201176;1;10283;0;24.0;1;0.089;cm
CAMP2;201176;2;10416;0;25.0;1;38.360;cm
CAMP2;201176;2;10416;0;25.5;6;38.360;cm
CAMP2;201176;2;10416;0;26.0;4;38.360;cm
CAMP2;201176;2;10416;0;26.5;2;38.360;cm
CAMP2;201176;2;10416;0;27.0;2;38.360;cm
CAMP2;201176;2;10416;0;27.5;10;38.360;cm
CAMP2;201176;2;10416;0;28.0;9;38.360;cm
CAMP2;201176;2;10416;0;28.5;16;38.360;cm
CAMP2;201176;2;10416;0;29.0;29;38.360;cm
CAMP2;201176;2;10416;0;29.5;38;38.360;cm
CAMP2;201176;2;10416;0;30.0;32;38.360;cm
CAMP2;201176;2;10416;0;30.5;13;38.360;cm
CAMP2;201176;2;10416;0;31.0;12;38.360;cm
CAMP2;201176;2;10416;0;31.5;2;38.360;cm
CAMP2;201176;2;10416;0;32.0;2;38.360;cm
CAMP2;201176;2;10416;0;33.0;1;38.360;cm
CAMP2;201176;2;10488;0;19.0;1;0.095;cm
CAMP2;201176;2;10522;0;23.5;1;5.653;cm
CAMP2;201176;2;10522;0;24.5;1;5.653;cm
CAMP2;201176;2;10522;0;25.0;1;5.653;cm
CAMP2;201176;2;10522;0;25.5;2;5.653;cm
CAMP2;201176;2;10522;0;29.5;1;5.653;cm
CAMP2;201176;2;10522;0;30.0;1;5.653;cm
CAMP2;201176;2;10522;0;30.5;4;5.653;cm
CAMP2;201176;2;10522;0;31.0;3;5.653;cm
CAMP2;201176;2;10522;0;32.0;1;5.653;cm
CAMP2;201176;2;10522;0;32.5;2;5.653;cm
CAMP2;201176;2;10522;0;33.5;1;5.653;cm
CAMP2;201176;2;10522;0;34.5;1;5.653;cm
CAMP2;201176;2;10641;0;30.0;3;71.246;cm
CAMP2;201176;2;10641;0;30.5;9;71.246;cm
CAMP2;201176;2;10641;0;31.0;10;71.246;cm
CAMP2;201176;2;10641;0;31.5;23;71.246;cm
CAMP2;201176;2;10641;0;32.0;31;71.246;cm
CAMP2;201176;2;10641;0;32.5;32;71.246;cm
CAMP2;201176;2;10641;0;33.0;29;71.246;cm
CAMP2;201176;2;10641;0;33.5;17;71.246;cm
CAMP2;201176;2;10641;0;34.0;12;71.246;cm
CAMP2;201176;2;10641;0;34.5;9;71.246;cm
CAMP2;201176;2;10641;0;35.0;6;71.246;cm
CAMP2;201176;2;10641;0;35.5;8;71.246;cm
CAMP2;201176;2;10641;0;36.0;3;71.246;cm
CAMP2;201176;2;10641;0;37.0;1;71.246;cm
CAMP2;201176;2;10641;0;37.5;1;71.246;cm
CAMP2;201176;3;10414;0;10.0;1;0.008;cm
CAMP2;201176;3;10416;0;25.5;1;6.940;cm
CAMP2;201176;3;10416;0;26.5;2;6.940;cm
CAMP2;201176;3;10416;0;27.0;1;6.940;cm
CAMP2;201176;3;10416;0;27.5;3;6.940;cm
CAMP2;201176;3;10416;0;28.0;2;6.940;cm
CAMP2;201176;3;10416;0;28.5;2;6.940;cm
CAMP2;201176;3;10416;0;29.0;3;6.940;cm
CAMP2;201176;3;10416;0;29.5;6;6.940;cm
CAMP2;201176;3;10416;0;30.0;4;6.940;cm
CAMP2;201176;3;10416;0;30.5;4;6.940;cm
CAMP2;201176;3;10416;0;31.0;2;6.940;cm
CAMP2;201176;3;10416;0;32.0;1;6.940;cm
CAMP2;201176;3;10416;0;32.5;1;6.940;cm
CAMP2;201176;3;10488;0;16.5;1;3.640;cm
CAMP2;201176;3;10488;0;18.0;1;3.640;cm
CAMP2;201176;3;10488;0;18.5;1;3.640;cm
CAMP2;201176;3;10488;0;20.5;2;3.640;cm
CAMP2;201176;3;10488;0;21.0;2;3.640;cm
CAMP2;201176;3;10488;0;21.5;1;3.640;cm
CAMP2;201176;3;10488;0;22.0;1;3.640;cm
CAMP2;201176;3;10488;0;23.5;1;3.640;cm
CAMP2;201176;3;10488;0;24.0;1;3.640;cm
CAMP2;201176;3;10488;0;24.5;3;3.640;cm
CAMP2;201176;3;10488;0;27.5;2;3.640;cm
CAMP2;201176;3;10488;0;28.0;2;3.640;cm
CAMP2;201176;3;10488;0;28.5;1;3.640;cm
CAMP2;201176;3;10488;0;30.0;1;3.640;cm
CAMP2;201176;3;10489;0;16.5;1;0.905;cm
CAMP2;201176;3;10489;0;17.0;1;0.905;cm
CAMP2;201176;3;10489;0;17.5;1;0.905;cm
CAMP2;201176;3;10489;0;18.0;2;0.905;cm
CAMP2;201176;3;10489;0;19.0;1;0.905;cm
CAMP2;201176;3;10489;0;19.5;1;0.905;cm
CAMP2;201176;3;10489;0;21.5;1;0.905;cm
CAMP2;201176;3;10489;0;24.5;1;0.905;cm
CAMP2;201176;3;10495;0;20.5;1;0.380;cm
CAMP2;201176;3;10495;0;23.0;1;0.380;cm
CAMP2;201176;3;10499;0;24.0;1;21.370;cm
CAMP2;201176;3;10499;0;98.0;1;21.370;cm
CAMP2;201176;3;10507;0;16.5;1;10.610;cm
CAMP2;201176;3;10507;0;17.0;2;10.610;cm
CAMP2;201176;3;10507;0;17.5;2;10.610;cm
CAMP2;201176;3;10507;0;18.0;5;10.610;cm
CAMP2;201176;3;10507;0;18.5;6;10.610;cm
CAMP2;201176;3;10507;0;19.0;9;10.610;cm
CAMP2;201176;3;10507;0;19.5;8;10.610;cm
CAMP2;201176;3;10507;0;20.0;7;10.610;cm
CAMP2;201176;3;10507;0;20.5;8;10.610;cm
CAMP2;201176;3;10507;0;21.0;13;10.610;cm
CAMP2;201176;3;10507;0;21.5;5;10.610;cm
CAMP2;201176;3;10507;0;22.0;4;10.610;cm
CAMP2;201176;3;10507;0;22.5;6;10.610;cm
CAMP2;201176;3;10507;0;23.0;3;10.610;cm
CAMP2;201176;3;10507;0;23.5;3;10.610;cm
CAMP2;201176;3;10537;0;12.0;1;1.550;cm
CAMP2;201176;3;10537;0;13.0;4;1.550;cm
CAMP2;201176;3;10537;0;13.5;3;1.550;cm
CAMP2;201176;3;10537;0;14.0;8;1.550;cm
CAMP2;201176;3;10537;0;14.5;8;1.550;cm
CAMP2;201176;3;10537;0;15.0;8;1.550;cm
CAMP2;201176;3;10537;0;15.5;2;1.550;cm
CAMP2;201176;3;10537;0;16.0;1;1.550;cm
CAMP2;201176;3;10537;0;16.5;1;1.550;cm
CAMP2;201176;3;10537;0;17.5;2;1.550;cm
CAMP2;201176;3;10537;0;18.0;1;1.550;cm
CAMP2;201176;3;10537;0;20.0;1;1.550;cm
CAMP2;201176;4;10816;0;54.0;1;49.850;cm
CAMP2;201176;4;10816;0;89.0;1;49.850;cm
CAMP2;201176;5;10138;0;24.0;1;0.625;cm
CAMP2;201176;5;10138;0;31.5;1;0.625;cm
CAMP2;201176;5;10138;0;35.0;1;0.625;cm
CAMP2;201176;5;10138;0;35.5;1;0.625;cm
CAMP2;201176;5;10152;0;11.5;9;6.470;cm
CAMP2;201176;5;10152;0;12.0;55;6.470;cm
CAMP2;201176;5;10152;0;12.5;101;6.470;cm
CAMP2;201176;5;10152;0;13.0;76;6.470;cm
CAMP2;201176;5;10152;0;13.5;24;6.470;cm
CAMP2;201176;5;10152;0;14.0;11;6.470;cm
CAMP2;201176;5;10152;0;14.5;15;6.470;cm
CAMP2;201176;5;10152;0;15.0;13;6.470;cm
CAMP2;201176;5;10152;0;15.5;21;6.470;cm
CAMP2;201176;5;10152;0;16.0;7;6.470;cm
CAMP2;201176;5;10152;0;16.5;7;6.470;cm
CAMP2;201176;5;10152;0;17.0;4;6.470;cm
CAMP2;201176;5;10152;0;17.5;1;6.470;cm
CAMP2;201176;5;10152;0;18.0;1;6.470;cm
CAMP2;201176;5;10156;0;7.0;1;0.698;cm
CAMP2;201176;5;10156;0;7.5;33;0.698;cm
CAMP2;201176;5;10156;0;8.0;101;0.698;cm
CAMP2;201176;5;10156;0;8.5;57;0.698;cm
CAMP2;201176;5;10156;0;9.0;9;0.698;cm
CAMP2;201176;5;10156;0;9.5;2;0.698;cm
CAMP2;201176;5;10156;0;10.5;2;0.698;cm
CAMP2;201176;5;10283;0;22.0;1;0.205;cm
CAMP2;201176;5;10283;0;25.5;1;0.205;cm
CAMP2;201176;5;10407;0;31.5;1;0.610;cm
CAMP2;201176;5;10407;0;34.5;1;0.610;cm
CAMP2;201176;5;10416;0;21.5;1;27.950;cm
CAMP2;201176;5;10416;0;24.5;1;27.950;cm
CAMP2;201176;5;10416;0;25.5;2;27.950;cm
CAMP2;201176;5;10416;0;26.0;1;27.950;cm
CAMP2;201176;5;10416;0;26.5;4;27.950;cm
CAMP2;201176;5;10416;0;27.0;7;27.950;cm
CAMP2;201176;5;10416;0;27.5;6;27.950;cm
CAMP2;201176;5;10416;0;28.0;5;27.950;cm
CAMP2;201176;5;10416;0;28.5;4;27.950;cm
CAMP2;201176;5;10416;0;29.0;2;27.950;cm
CAMP2;201176;5;10416;0;29.5;11;27.950;cm
CAMP2;201176;5;10416;0;30.0;10;27.950;cm
CAMP2;201176;5;10416;0;30.5;12;27.950;cm
CAMP2;201176;5;10416;0;31.0;17;27.950;cm
CAMP2;201176;5;10416;0;31.5;11;27.950;cm
CAMP2;201176;5;10416;0;32.0;8;27.950;cm
CAMP2;201176;5;10416;0;32.5;5;27.950;cm
CAMP2;201176;5;10416;0;33.0;3;27.950;cm
CAMP2;201176;5;10416;0;33.5;4;27.950;cm
CAMP2;201176;5;10416;0;34.0;3;27.950;cm
CAMP2;201176;5;10416;0;38.0;1;27.950;cm
CAMP2;201176;5;10416;0;39.0;1;27.950;cm
CAMP2;201176;5;10423;0;33.5;1;0.780;cm
CAMP2;201176;5;10423;0;34.5;1;0.780;cm
CAMP2;201176;5;10490;0;20.5;1;0.220;cm
CAMP2;201176;5;10490;0;21.0;1;0.220;cm
CAMP2;201176;5;10532;0;28.0;1;3.675;cm
CAMP2;201176;5;10532;0;28.5;1;3.675;cm
CAMP2;201176;5;10532;0;29.5;1;3.675;cm
CAMP2;201176;5;10532;0;30.0;1;3.675;cm
CAMP2;201176;5;10532;0;30.5;2;3.675;cm
CAMP2;201176;5;10532;0;31.0;1;3.675;cm
CAMP2;201176;5;10532;0;33.0;1;3.675;cm
CAMP2;201176;5;10532;0;33.5;1;3.675;cm
CAMP2;201176;5;10675;0;43.5;1;0.820;cm
CAMP2;201176;7;10107;0;25.5;1;5.285;cm
CAMP2;201176;7;10141;0;30.0;1;0.380;cm
CAMP2;201176;7;10141;0;31.0;1;0.380;cm
CAMP2;201176;7;10152;0;11.0;10;5.905;cm
CAMP2;201176;7;10152;0;11.5;65;5.905;cm
CAMP2;201176;7;10152;0;12.0;115;5.905;cm
CAMP2;201176;7;10152;0;12.5;73;5.905;cm
CAMP2;201176;7;10152;0;13.0;27;5.905;cm
CAMP2;201176;7;10152;0;13.5;4;5.905;cm
CAMP2;201176;7;10152;0;14.0;5;5.905;cm
CAMP2;201176;7;10152;0;15.0;4;5.905;cm
CAMP2;201176;7;10152;0;15.5;6;5.905;cm
CAMP2;201176;7;10152;0;16.0;4;5.905;cm
CAMP2;201176;7;10152;0;16.5;1;5.905;cm
CAMP2;201176;7;10152;0;17.0;1;5.905;cm
CAMP2;201176;7;10152;0;18.0;1;5.905;cm
CAMP2;201176;7;10337;0;31.0;1;0.520;cm
CAMP2;201176;7;10337;0;33.0;1;0.520;cm
CAMP2;201176;7;10407;0;33.0;2;1.740;cm
CAMP2;201176;7;10407;0;33.5;1;1.740;cm
CAMP2;201176;7;10407;0;35.0;1;1.740;cm
CAMP2;201176;7;10407;0;35.5;1;1.740;cm
CAMP2;201176;7;10416;0;24.0;3;56.400;cm
CAMP2;201176;7;10416;0;24.5;3;56.400;cm
CAMP2;201176;7;10416;0;25.0;2;56.400;cm
CAMP2;201176;7;10416;0;25.5;11;56.400;cm
CAMP2;201176;7;10416;0;26.0;22;56.400;cm
CAMP2;201176;7;10416;0;26.5;48;56.400;cm
CAMP2;201176;7;10416;0;27.0;71;56.400;cm
CAMP2;201176;7;10416;0;27.5;59;56.400;cm
CAMP2;201176;7;10416;0;28.0;33;56.400;cm
CAMP2;201176;7;10416;0;28.5;26;56.400;cm
CAMP2;201176;7;10416;0;29.0;17;56.400;cm
CAMP2;201176;7;10416;0;29.5;8;56.400;cm
CAMP2;201176;7;10416;0;30.0;1;56.400;cm
CAMP2;201176;7;10416;0;30.5;1;56.400;cm
CAMP2;201176;7;10416;0;31.0;1;56.400;cm
CAMP2;201176;7;10416;0;31.5;1;56.400;cm
CAMP2;201176;7;10416;0;33.5;1;56.400;cm
CAMP2;201176;7;10423;0;27.5;1;1.800;cm
CAMP2;201176;7;10423;0;30.0;1;1.800;cm
CAMP2;201176;7;10423;0;30.5;1;1.800;cm
CAMP2;201176;7;10423;0;31.0;1;1.800;cm
CAMP2;201176;7;10423;0;32.5;1;1.800;cm
CAMP2;201176;7;10423;0;35.0;1;1.800;cm
CAMP2;201176;7;10426;0;29.0;1;0.190;cm
CAMP2;201176;7;10456;0;15.5;1;2.395;cm
CAMP2;201176;7;10456;0;16.0;1;2.395;cm
CAMP2;201176;7;10456;0;16.5;2;2.395;cm
CAMP2;201176;7;10456;0;17.0;5;2.395;cm
CAMP2;201176;7;10456;0;17.5;3;2.395;cm
CAMP2;201176;7;10456;0;18.0;6;2.395;cm
CAMP2;201176;7;10456;0;18.5;4;2.395;cm
CAMP2;201176;7;10456;0;19.0;2;2.395;cm
CAMP2;201176;7;10456;0;19.5;2;2.395;cm
CAMP2;201176;7;10456;0;20.0;1;2.395;cm
CAMP2;201176;7;10456;0;21.5;1;2.395;cm
CAMP2;201176;7;10488;0;17.5;1;1.345;cm
CAMP2;201176;7;10488;0;18.0;1;1.345;cm
CAMP2;201176;7;10488;0;19.0;1;1.345;cm
CAMP2;201176;7;10488;0;21.0;1;1.345;cm
CAMP2;201176;7;10488;0;22.5;1;1.345;cm
CAMP2;201176;7;10488;0;23.0;1;1.345;cm
CAMP2;201176;7;10488;0;23.5;1;1.345;cm
CAMP2;201176;7;10488;0;25.5;1;1.345;cm
CAMP2;201176;7;10488;0;26.5;1;1.345;cm
CAMP2;201176;7;10490;0;16.0;4;1.075;cm
CAMP2;201176;7;10490;0;16.5;2;1.075;cm
CAMP2;201176;7;10490;0;17.5;2;1.075;cm
CAMP2;201176;7;10490;0;18.5;1;1.075;cm
CAMP2;201176;7;10490;0;19.5;1;1.075;cm
CAMP2;201176;7;10490;0;20.5;1;1.075;cm
CAMP2;201176;7;10490;0;21.5;1;1.075;cm
CAMP2;201176;7;10490;0;22.0;1;1.075;cm
CAMP2;201176;7;10493;0;13.0;1;0.142;cm
CAMP2;201176;7;10493;0;14.0;1;0.142;cm
CAMP2;201176;7;10493;0;15.0;1;0.142;cm
CAMP2;201176;7;10507;0;21.5;1;0.320;cm
CAMP2;201176;7;10507;0;23.0;1;0.320;cm
CAMP2;201176;7;10675;0;38.5;2;1.135;cm
CAMP2;201176;7;11192;0;11.5;1;3.225;cm
CAMP2;201176;7;11192;0;12.0;2;3.225;cm
CAMP2;201176;7;11192;0;12.5;4;3.225;cm
CAMP2;201176;7;11192;0;13.0;9;3.225;cm
CAMP2;201176;7;11192;0;13.5;9;3.225;cm
CAMP2;201176;7;11192;0;14.0;13;3.225;cm
CAMP2;201176;7;11192;0;14.5;5;3.225;cm
CAMP2;201176;7;11192;0;15.0;7;3.225;cm
CAMP2;201176;7;11192;0;15.5;5;3.225;cm
CAMP2;201176;7;11192;0;16.0;2;3.225;cm
CAMP2;201176;7;11192;0;16.5;5;3.225;cm
CAMP2;201176;7;11192;0;17.0;1;3.225;cm
CAMP2;201176;7;11192;0;17.5;1;3.225;cm
CAMP2;201176;7;11192;0;18.0;1;3.225;cm
CAMP2;201176;7;12822;0;16.0;1;0.299;cm
CAMP2;201176;7;12822;0;17.0;1;0.299;cm
CAMP2;201176;7;12822;0;17.5;3;0.299;cm
CAMP2;201176;8;10156;0;8.5;6;3.105;cm
CAMP2;201176;8;10156;0;9.0;11;3.105;cm
CAMP2;201176;8;10156;0;9.5;62;3.105;cm
CAMP2;201176;8;10156;0;10.0;111;3.105;cm
CAMP2;201176;8;10156;0;10.5;117;3.105;cm
CAMP2;201176;8;10156;0;11.0;73;3.105;cm
CAMP2;201176;8;10156;0;11.5;43;3.105;cm
CAMP2;201176;8;10156;0;12.0;17;3.105;cm
CAMP2;201176;8;10156;0;12.5;10;3.105;cm
CAMP2;201176;8;10156;0;13.0;2;3.105;cm
CAMP2;201176;8;10283;0;11.0;1;0.668;cm
CAMP2;201176;8;10283;0;13.0;1;0.668;cm
CAMP2;201176;8;10283;0;35.0;1;0.668;cm
CAMP2;201176;9;10152;0;11.0;2;4.595;cm
CAMP2;201176;9;10152;0;11.5;13;4.595;cm
CAMP2;201176;9;10152;0;12.0;59;4.595;cm
CAMP2;201176;9;10152;0;12.5;84;4.595;cm
CAMP2;201176;9;10152;0;13.0;72;4.595;cm
CAMP2;201176;9;10152;0;13.5;19;4.595;cm
CAMP2;201176;9;10152;0;14.0;9;4.595;cm
CAMP2;201176;9;10152;0;14.5;6;4.595;cm
CAMP2;201176;9;10152;0;15.0;4;4.595;cm
CAMP2;201176;9;10152;0;15.5;2;4.595;cm
CAMP2;201176;9;10152;0;16.0;1;4.595;cm
CAMP2;201176;9;10152;0;16.5;1;4.595;cm
CAMP2;201176;9;10152;0;17.0;1;4.595;cm
CAMP2;201176;9;10152;0;17.5;1;4.595;cm
CAMP2;201176;9;10152;0;18.0;1;4.595;cm
CAMP2;201176;9;10156;2;2.0;7;0.005;cm
CAMP2;201176;9;10156;2;2.5;8;0.005;cm
CAMP2;201176;9;10156;2;3.0;16;0.005;cm
CAMP2;201176;9;10156;2;3.5;3;0.005;cm
CAMP2;201176;9;10156;2;4.0;5;0.005;cm
CAMP2;201176;9;10156;2;4.5;3;0.005;cm
CAMP2;201176;9;10337;0;27.5;1;1.100;cm
CAMP2;201176;9;10337;0;32.5;1;1.100;cm
CAMP2;201176;9;10337;0;34.0;1;1.100;cm
CAMP2;201176;9;10337;0;37.0;1;1.100;cm
CAMP2;201176;9;10407;0;33.5;1;1.100;cm
CAMP2;201176;9;10407;0;34.0;1;1.100;cm
CAMP2;201176;9;10407;0;35.5;1;1.100;cm
CAMP2;201176;9;10416;0;21.5;1;55.320;cm
CAMP2;201176;9;10416;0;22.0;1;55.320;cm
CAMP2;201176;9;10416;0;25.0;1;55.320;cm
CAMP2;201176;9;10416;0;25.5;3;55.320;cm
CAMP2;201176;9;10416;0;26.0;11;55.320;cm
CAMP2;201176;9;10416;0;26.5;36;55.320;cm
CAMP2;201176;9;10416;0;27.0;52;55.320;cm
CAMP2;201176;9;10416;0;27.5;50;55.320;cm
CAMP2;201176;9;10416;0;28.0;31;55.320;cm
CAMP2;201176;9;10416;0;28.5;25;55.320;cm
CAMP2;201176;9;10416;0;29.0;37;55.320;cm
CAMP2;201176;9;10416;0;29.5;20;55.320;cm
CAMP2;201176;9;10416;0;30.0;4;55.320;cm
CAMP2;201176;9;10416;0;30.5;7;55.320;cm
CAMP2;201176;9;10416;0;31.0;7;55.320;cm
CAMP2;201176;9;10416;0;32.5;4;55.320;cm
CAMP2;201176;9;10416;0;34.0;1;55.320;cm
CAMP2;201176;9;10454;0;26.0;1;0.262;cm
CAMP2;201176;9;10456;0;16.0;1;1.480;cm
CAMP2;201176;9;10456;0;16.5;1;1.480;cm
CAMP2;201176;9;10456;0;17.0;1;1.480;cm
CAMP2;201176;9;10456;0;18.0;5;1.480;cm
CAMP2;201176;9;10456;0;18.5;3;1.480;cm
CAMP2;201176;9;10456;0;19.0;2;1.480;cm
CAMP2;201176;9;10456;0;19.5;1;1.480;cm
CAMP2;201176;9;10456;0;20.0;1;1.480;cm
CAMP2;201176;9;10456;0;20.5;1;1.480;cm
CAMP2;201176;9;10471;0;22.5;1;0.131;cm
CAMP2;201176;9;10488;0;16.0;1;0.575;cm
CAMP2;201176;9;10488;0;17.5;1;0.575;cm
CAMP2;201176;9;10488;0;21.5;1;0.575;cm
CAMP2;201176;9;10488;0;22.0;1;0.575;cm
CAMP2;201176;9;10488;0;22.5;1;0.575;cm
CAMP2;201176;9;10490;0;14.5;1;1.040;cm
CAMP2;201176;9;10490;0;16.0;1;1.040;cm
CAMP2;201176;9;10490;0;16.5;1;1.040;cm
CAMP2;201176;9;10490;0;17.0;2;1.040;cm
CAMP2;201176;9;10490;0;17.5;4;1.040;cm
CAMP2;201176;9;10490;0;18.5;1;1.040;cm
CAMP2;201176;9;10490;0;22.0;1;1.040;cm
CAMP2;201176;9;10490;0;23.0;1;1.040;cm
CAMP2;201176;9;10493;0;13.0;1;0.034;cm
CAMP2;201176;9;10495;0;15.0;1;0.390;cm
CAMP2;201176;9;10495;0;16.5;1;0.390;cm
CAMP2;201176;9;10495;0;19.0;1;0.390;cm
CAMP2;201176;9;10495;0;21.5;1;0.390;cm
CAMP2;201176;9;10507;0;15.5;1;0.365;cm
CAMP2;201176;9;10507;0;20.0;1;0.365;cm
CAMP2;201176;9;10507;0;23.5;1;0.365;cm
CAMP2;201176;9;10519;0;26.5;1;0.267;cm
CAMP2;201176;9;10522;0;10.5;1;0.735;cm
CAMP2;201176;9;10522;0;11.0;1;0.735;cm
CAMP2;201176;9;10522;0;27.0;1;0.735;cm
CAMP2;201176;9;10522;0;28.5;1;0.735;cm
CAMP2;201176;9;10522;0;29.0;1;0.735;cm
CAMP2;201176;9;10542;0;22.5;1;0.128;cm
CAMP2;201176;9;10579;0;21.5;1;0.054;cm
CAMP2;201176;9;10639;0;54.0;1;5.455;cm
CAMP2;201176;9;10639;0;55.5;1;5.455;cm
CAMP2;201176;9;10639;0;56.0;1;5.455;cm
CAMP2;201176;9;10641;0;24.0;1;85.000;cm
CAMP2;201176;9;10641;0;24.5;5;85.000;cm
CAMP2;201176;9;10641;0;25.0;2;85.000;cm
CAMP2;201176;9;10641;0;25.5;9;85.000;cm
CAMP2;201176;9;10641;0;26.0;16;85.000;cm
CAMP2;201176;9;10641;0;26.5;25;85.000;cm
CAMP2;201176;9;10641;0;27.0;28;85.000;cm
CAMP2;201176;9;10641;0;27.5;43;85.000;cm
CAMP2;201176;9;10641;0;28.0;46;85.000;cm
CAMP2;201176;9;10641;0;28.5;45;85.000;cm
CAMP2;201176;9;10641;0;29.0;36;85.000;cm
CAMP2;201176;9;10641;0;29.5;56;85.000;cm
CAMP2;201176;9;10641;0;30.0;25;85.000;cm
CAMP2;201176;9;10641;0;30.5;21;85.000;cm
CAMP2;201176;9;10641;0;31.0;17;85.000;cm
CAMP2;201176;9;10641;0;31.5;4;85.000;cm
CAMP2;201176;9;10641;0;32.0;2;85.000;cm
CAMP2;201176;9;10641;0;32.5;2;85.000;cm
CAMP2;201176;9;10641;0;34.0;1;85.000;cm
CAMP2;201176;9;10739;0;17.5;1;0.038;cm
CAMP2;201176;9;11192;0;11.0;3;1.560;cm
CAMP2;201176;9;11192;0;11.5;9;1.560;cm
CAMP2;201176;9;11192;0;12.0;2;1.560;cm
CAMP2;201176;9;11192;0;12.5;5;1.560;cm
CAMP2;201176;9;11192;0;13.0;6;1.560;cm
CAMP2;201176;9;11192;0;13.5;3;1.560;cm
CAMP2;201176;9;11192;0;14.0;5;1.560;cm
CAMP2;201176;9;11192;0;14.5;4;1.560;cm
CAMP2;201176;9;11192;0;15.0;1;1.560;cm
CAMP2;201176;9;11192;0;15.5;2;1.560;cm
CAMP2;201176;9;11192;0;16.0;2;1.560;cm
CAMP2;201176;9;12822;0;7.5;2;0.725;cm
CAMP2;201176;9;12822;0;8.0;2;0.725;cm
CAMP2;201176;9;12822;0;8.5;1;0.725;cm
CAMP2;201176;9;12822;0;13.0;1;0.725;cm
CAMP2;201176;9;12822;0;14.5;1;0.725;cm
CAMP2;201176;9;12822;0;15.0;1;0.725;cm
CAMP2;201176;9;12822;0;15.5;2;0.725;cm
CAMP2;201176;9;12822;0;16.0;2;0.725;cm
CAMP2;201176;9;12822;0;16.5;4;0.725;cm
CAMP2;201176;9;12822;0;17.0;2;0.725;cm
CAMP2;201176;9;12822;0;17.5;1;0.725;cm
CAMP2;201176;10;10156;0;12.0;1;8.270;cm
CAMP2;201176;10;10156;0;12.5;6;8.270;cm
CAMP2;201176;10;10156;0;13.0;32;8.270;cm
CAMP2;201176;10;10156;0;13.5;82;8.270;cm
CAMP2;201176;10;10156;0;14.0;123;8.270;cm
CAMP2;201176;10;10156;0;14.5;117;8.270;cm
CAMP2;201176;10;10156;0;15.0;54;8.270;cm
CAMP2;201176;10;10156;0;15.5;27;8.270;cm
CAMP2;201176;10;10156;0;16.0;8;8.270;cm
CAMP2;201176;10;10441;0;34.0;2;6.172;cm
CAMP2;201176;10;10441;0;35.0;1;6.172;cm
CAMP2;201176;10;10441;0;36.0;1;6.172;cm
CAMP2;201176;10;10441;0;36.5;2;6.172;cm
CAMP2;201176;10;10441;0;37.0;3;6.172;cm
CAMP2;201176;10;10441;0;37.5;1;6.172;cm
CAMP2;201176;10;10441;0;38.5;2;6.172;cm
CAMP2;201176;10;10441;0;39.5;1;6.172;cm
CAMP2;201176;10;10441;0;40.0;1;6.172;cm
CAMP2;201176;10;10634;0;20.0;1;0.018;cm
CAMP2;201176;10;10634;0;29.0;1;0.018;cm
CAMP2;201176;11;10107;0;63.0;1;26.245;cm
CAMP2;201176;11;10152;2;10.0;1;6.755;cm
CAMP2;201176;11;10152;2;10.5;5;6.755;cm
CAMP2;201176;11;10152;2;11.0;14;6.755;cm
CAMP2;201176;11;10152;2;11.5;30;6.755;cm
CAMP2;201176;11;10152;2;12.0;79;6.755;cm
CAMP2;201176;11;10152;2;12.5;132;6.755;cm
CAMP2;201176;11;10152;2;13.0;105;6.755;cm
CAMP2;201176;11;10152;2;13.5;31;6.755;cm
CAMP2;201176;11;10152;2;14.0;10;6.755;cm
CAMP2;201176;11;10152;2;14.5;3;6.755;cm
CAMP2;201176;11;10152;2;15.0;1;6.755;cm
CAMP2;201176;11;10152;2;15.5;2;6.755;cm
CAMP2;201176;11;10156;0;7.5;1;1.595;cm
CAMP2;201176;11;10156;0;8.0;1;1.595;cm
CAMP2;201176;11;10156;0;9.0;13;1.595;cm
CAMP2;201176;11;10156;0;9.5;58;1.595;cm
CAMP2;201176;11;10156;0;10.0;34;1.595;cm
CAMP2;201176;11;10156;0;10.5;14;1.595;cm
CAMP2;201176;11;10156;0;11.0;19;1.595;cm
CAMP2;201176;11;10156;0;11.5;23;1.595;cm
CAMP2;201176;11;10156;0;12.0;20;1.595;cm
CAMP2;201176;11;10156;0;12.5;8;1.595;cm
CAMP2;201176;11;10156;0;13.0;6;1.595;cm
CAMP2;201176;11;10156;0;13.5;1;1.595;cm
CAMP2;201176;11;10156;0;14.0;1;1.595;cm
CAMP2;201176;11;10156;0;14.5;1;1.595;cm
CAMP2;201176;11;10488;0;19.5;1;1.120;cm
CAMP2;201176;11;10488;0;20.0;1;1.120;cm
CAMP2;201176;11;10488;0;22.0;1;1.120;cm
CAMP2;201176;11;10488;0;23.0;2;1.120;cm
CAMP2;201176;11;10488;0;23.5;1;1.120;cm
CAMP2;201176;11;10488;0;27.5;1;1.120;cm
CAMP2;201176;11;10490;0;18.0;1;0.205;cm
CAMP2;201176;11;10490;0;21.5;1;0.205;cm
CAMP2;201176;11;12822;0;8.0;1;0.097;cm
CAMP2;201176;11;12822;0;15.5;1;0.097;cm
CAMP2;201176;11;12822;0;18.0;1;0.097;cm
CAMP2;201176;12;10152;1;15.5;1;33.810;cm
CAMP2;201176;12;10152;1;16.0;6;33.810;cm
CAMP2;201176;12;10152;1;16.5;22;33.810;cm
CAMP2;201176;12;10152;1;17.0;55;33.810;cm
CAMP2;201176;12;10152;1;17.5;70;33.810;cm
CAMP2;201176;12;10152;1;18.0;78;33.810;cm
CAMP2;201176;12;10152;1;18.5;82;33.810;cm
CAMP2;201176;12;10152;1;19.0;91;33.810;cm
CAMP2;201176;12;10152;1;19.5;80;33.810;cm
CAMP2;201176;12;10152;1;20.0;38;33.810;cm
CAMP2;201176;12;10152;1;20.5;25;33.810;cm
CAMP2;201176;12;10152;1;21.0;2;33.810;cm
CAMP2;201176;12;10152;2;11.5;3;4.635;cm
CAMP2;201176;12;10152;2;12.0;4;4.635;cm
CAMP2;201176;12;10152;2;12.5;12;4.635;cm
CAMP2;201176;12;10152;2;13.0;48;4.635;cm
CAMP2;201176;12;10152;2;13.5;50;4.635;cm
CAMP2;201176;12;10152;2;14.0;58;4.635;cm
CAMP2;201176;12;10152;2;14.5;33;4.635;cm
CAMP2;201176;12;10152;2;15.0;13;4.635;cm
CAMP2;201176;12;10152;2;15.5;8;4.635;cm
CAMP2;201176;12;10156;0;9.5;2;0.441;cm
CAMP2;201176;12;10156;0;10.0;1;0.441;cm
CAMP2;201176;12;10156;0;10.5;4;0.441;cm
CAMP2;201176;12;10156;0;11.5;5;0.441;cm
CAMP2;201176;12;10156;0;12.0;9;0.441;cm
CAMP2;201176;12;10156;0;12.5;6;0.441;cm
CAMP2;201176;12;10156;0;13.0;9;0.441;cm
CAMP2;201176;12;10156;0;13.5;2;0.441;cm
CAMP2;201176;12;10156;0;14.0;1;0.441;cm
CAMP2;201176;12;10414;0;6.5;1;0.070;cm
CAMP2;201176;12;10414;0;16.0;1;0.070;cm
CAMP2;201176;12;10414;0;16.5;1;0.070;cm
CAMP2;201176;12;10489;0;18.5;1;0.235;cm
CAMP2;201176;12;10489;0;22.0;1;0.235;cm
CAMP2;201176;12;10493;0;14.5;1;0.045;cm
CAMP2;201176;12;10507;0;16.5;1;0.955;cm
CAMP2;201176;12;10507;0;17.0;1;0.955;cm
CAMP2;201176;12;10507;0;17.5;1;0.955;cm
CAMP2;201176;12;10507;0;19.0;1;0.955;cm
CAMP2;201176;12;10507;0;21.0;2;0.955;cm
CAMP2;201176;12;10507;0;23.0;2;0.955;cm
CAMP2;201176;12;10641;0;20.0;1;1.795;cm
CAMP2;201176;12;10641;0;20.5;1;1.795;cm
CAMP2;201176;12;10641;0;21.5;1;1.795;cm
CAMP2;201176;12;10641;0;22.0;1;1.795;cm
CAMP2;201176;12;10641;0;22.5;4;1.795;cm
CAMP2;201176;12;10641;0;23.5;3;1.795;cm
CAMP2;201176;12;10641;0;24.0;6;1.795;cm
CAMP2;201176;12;10641;0;24.5;1;1.795;cm
CAMP2;201176;12;12822;0;12.0;1;1.225;cm
CAMP2;201176;12;12822;0;12.5;3;1.225;cm
CAMP2;201176;12;12822;0;13.0;9;1.225;cm
CAMP2;201176;12;12822;0;13.5;7;1.225;cm
CAMP2;201176;12;12822;0;14.0;2;1.225;cm
CAMP2;201176;12;12822;0;14.5;9;1.225;cm
CAMP2;201176;12;12822;0;15.0;6;1.225;cm
CAMP2;201176;12;12822;0;16.0;1;1.225;cm
CAMP2;201176;13;10152;0;15.5;1;30.000;cm
CAMP2;201176;13;10152;0;16.0;1;30.000;cm
CAMP2;201176;13;10152;0;16.5;10;30.000;cm
CAMP2;201176;13;10152;0;17.0;45;30.000;cm
CAMP2;201176;13;10152;0;17.5;60;30.000;cm
CAMP2;201176;13;10152;0;18.0;73;30.000;cm
CAMP2;201176;13;10152;0;18.5;75;30.000;cm
CAMP2;201176;13;10152;0;19.0;70;30.000;cm
CAMP2;201176;13;10152;0;19.5;67;30.000;cm
CAMP2;201176;13;10152;0;20.0;27;30.000;cm
CAMP2;201176;13;10152;0;20.5;17;30.000;cm
CAMP2;201176;13;10152;0;21.0;3;30.000;cm
CAMP2;201176;13;10283;0;24.0;1;0.640;cm
CAMP2;201176;13;10283;0;27.5;1;0.640;cm
CAMP2;201176;13;10283;0;28.0;1;0.640;cm
CAMP2;201176;13;10283;0;34.5;1;0.640;cm
CAMP2;201176;13;10414;0;15.5;1;0.141;cm
CAMP2;201176;13;10414;0;16.0;2;0.141;cm
CAMP2;201176;13;10414;0;18.0;1;0.141;cm
CAMP2;201176;13;10415;0;16.0;1;4.500;cm
CAMP2;201176;13;10415;0;16.5;5;4.500;cm
CAMP2;201176;13;10415;0;17.0;17;4.500;cm
CAMP2;201176;13;10415;0;17.5;16;4.500;cm
CAMP2;201176;13;10415;0;18.0;26;4.500;cm
CAMP2;201176;13;10415;0;18.5;14;4.500;cm
CAMP2;201176;13;10415;0;19.0;10;4.500;cm
CAMP2;201176;13;10415;0;19.5;3;4.500;cm
CAMP2;201176;13;10415;0;20.0;2;4.500;cm
CAMP2;201176;13;10489;0;29.0;1;0.390;cm
CAMP2;201176;13;10507;0;11.0;1;0.020;cm
CAMP2;201176;13;10641;0;19.0;1;43.100;cm
CAMP2;201176;13;10641;0;19.5;1;43.100;cm
CAMP2;201176;13;10641;0;20.0;4;43.100;cm
CAMP2;201176;13;10641;0;20.5;14;43.100;cm
CAMP2;201176;13;10641;0;21.0;28;43.100;cm
CAMP2;201176;13;10641;0;21.5;38;43.100;cm
CAMP2;201176;13;10641;0;22.0;57;43.100;cm
CAMP2;201176;13;10641;0;22.5;65;43.100;cm
CAMP2;201176;13;10641;0;23.0;55;43.100;cm
CAMP2;201176;13;10641;0;23.5;39;43.100;cm
CAMP2;201176;13;10641;0;24.0;36;43.100;cm
CAMP2;201176;13;10641;0;24.5;23;43.100;cm
CAMP2;201176;13;10641;0;25.0;20;43.100;cm
CAMP2;201176;13;10641;0;25.5;12;43.100;cm
CAMP2;201176;13;10641;0;26.0;7;43.100;cm
CAMP2;201176;13;10641;0;26.5;3;43.100;cm
CAMP2;201176;13;10641;0;27.0;2;43.100;cm
CAMP2;201176;13;10641;0;27.5;1;43.100;cm
CAMP2;201176;14;10156;0;13.0;1;7.300;cm
CAMP2;201176;14;10156;0;13.5;17;7.300;cm
CAMP2;201176;14;10156;0;14.0;55;7.300;cm
CAMP2;201176;14;10156;0;14.5;88;7.300;cm
CAMP2;201176;14;10156;0;15.0;114;7.300;cm
CAMP2;201176;14;10156;0;15.5;77;7.300;cm
CAMP2;201176;14;10156;0;16.0;43;7.300;cm
CAMP2;201176;14;10156;0;16.5;18;7.300;cm
CAMP2;201176;14;10156;0;17.0;5;7.300;cm
CAMP2;201176;14;10156;0;17.5;3;7.300;cm
CAMP2;201176;14;10177;0;3.5;3;0.150;cm
CAMP2;201176;14;10177;0;4.0;22;0.150;cm
CAMP2;201176;14;10177;0;4.5;68;0.150;cm
CAMP2;201176;14;10177;0;5.0;49;0.150;cm
CAMP2;201176;14;10177;0;5.5;14;0.150;cm
CAMP2;201176;14;10277;0;16.5;1;0.055;cm
CAMP2;201176;14;10277;0;18.0;1;0.055;cm
CAMP2;201176;14;10283;0;23.5;1;0.075;cm
CAMP2;201176;14;10415;0;18.0;1;0.046;cm
CAMP2;201176;14;10489;0;28.0;1;0.305;cm
CAMP2;201176;14;10495;0;20.0;1;2.305;cm
CAMP2;201176;14;10495;0;20.5;2;2.305;cm
CAMP2;201176;14;10495;0;21.0;1;2.305;cm
CAMP2;201176;14;10495;0;21.5;3;2.305;cm
CAMP2;201176;14;10495;0;22.0;2;2.305;cm
CAMP2;201176;14;10495;0;22.5;1;2.305;cm
CAMP2;201176;14;10495;0;23.0;3;2.305;cm
CAMP2;201176;14;10634;0;16.5;1;0.003;cm
CAMP2;201176;15;10156;0;12.5;4;9.470;cm
CAMP2;201176;15;10156;0;13.0;33;9.470;cm
CAMP2;201176;15;10156;0;13.5;93;9.470;cm
CAMP2;201176;15;10156;0;14.0;146;9.470;cm
CAMP2;201176;15;10156;0;14.5;103;9.470;cm
CAMP2;201176;15;10156;0;15.0;60;9.470;cm
CAMP2;201176;15;10156;0;15.5;27;9.470;cm
CAMP2;201176;15;10156;0;16.0;13;9.470;cm
CAMP2;201176;15;10156;0;16.5;4;9.470;cm
CAMP2;201176;15;10156;0;17.0;2;9.470;cm
CAMP2;201176;15;10156;0;17.5;1;9.470;cm
CAMP2;201176;15;10283;0;13.0;1;0.042;cm
CAMP2;201176;15;10283;0;16.0;1;0.042;cm
CAMP2;201176;15;10441;0;36.5;1;0.400;cm
CAMP2;201176;15;10634;0;27.0;2;0.024;cm
CAMP2;201176;16;10152;0;15.5;1;25.140;cm
CAMP2;201176;16;10152;0;16.0;1;25.140;cm
CAMP2;201176;16;10152;0;16.5;25;25.140;cm
CAMP2;201176;16;10152;0;17.0;46;25.140;cm
CAMP2;201176;16;10152;0;17.5;76;25.140;cm
CAMP2;201176;16;10152;0;18.0;71;25.140;cm
CAMP2;201176;16;10152;0;18.5;52;25.140;cm
CAMP2;201176;16;10152;0;19.0;49;25.140;cm
CAMP2;201176;16;10152;0;19.5;47;25.140;cm
CAMP2;201176;16;10152;0;20.0;28;25.140;cm
CAMP2;201176;16;10152;0;20.5;21;25.140;cm
CAMP2;201176;16;10152;0;21.0;1;25.140;cm
CAMP2;201176;16;10156;0;13.0;1;0.308;cm
CAMP2;201176;16;10156;0;13.5;3;0.308;cm
CAMP2;201176;16;10156;0;14.0;4;0.308;cm
CAMP2;201176;16;10156;0;14.5;3;0.308;cm
CAMP2;201176;16;10156;0;15.0;5;0.308;cm
CAMP2;201176;16;10283;0;17.5;1;0.033;cm
CAMP2;201176;16;10320;0;33.0;1;0.545;cm
CAMP2;201176;16;10414;0;17.5;1;34.060;cm
CAMP2;201176;16;10414;0;18.0;0;34.060;cm
CAMP2;201176;16;10414;0;18.5;0;34.060;cm
CAMP2;201176;16;10414;0;19.0;1;34.060;cm
CAMP2;201176;16;10414;0;19.5;7;34.060;cm
CAMP2;201176;16;10414;0;20.0;6;34.060;cm
CAMP2;201176;16;10414;0;20.5;18;34.060;cm
CAMP2;201176;16;10414;0;21.0;15;34.060;cm
CAMP2;201176;16;10414;0;21.5;22;34.060;cm
CAMP2;201176;16;10414;0;22.0;41;34.060;cm
CAMP2;201176;16;10414;0;22.5;59;34.060;cm
CAMP2;201176;16;10414;0;23.0;67;34.060;cm
CAMP2;201176;16;10414;0;23.5;36;34.060;cm
CAMP2;201176;16;10414;0;24.0;21;34.060;cm
CAMP2;201176;16;10414;0;24.5;14;34.060;cm
CAMP2;201176;16;10414;0;25.0;6;34.060;cm
CAMP2;201176;16;10414;0;25.5;8;34.060;cm
CAMP2;201176;16;10414;0;26.0;2;34.060;cm
CAMP2;201176;16;10414;0;26.5;1;34.060;cm
CAMP2;201176;16;10415;0;15.5;1;13.480;cm
CAMP2;201176;16;10415;0;16.0;23;13.480;cm
CAMP2;201176;16;10415;0;16.5;49;13.480;cm
CAMP2;201176;16;10415;0;17.0;81;13.480;cm
CAMP2;201176;16;10415;0;17.5;55;13.480;cm
CAMP2;201176;16;10415;0;18.0;43;13.480;cm
CAMP2;201176;16;10415;0;18.5;26;13.480;cm
CAMP2;201176;16;10415;0;19.0;11;13.480;cm
CAMP2;201176;16;10415;0;19.5;12;13.480;cm
CAMP2;201176;16;10415;0;20.0;4;13.480;cm
CAMP2;201176;16;10415;0;20.5;2;13.480;cm
CAMP2;201176;16;10488;0;34.5;1;0.495;cm
CAMP2;201176;16;10495;0;18.0;1;4.645;cm
CAMP2;201176;16;10495;0;18.5;1;4.645;cm
CAMP2;201176;16;10495;0;19.0;1;4.645;cm
CAMP2;201176;16;10495;0;19.5;3;4.645;cm
CAMP2;201176;16;10495;0;20.0;1;4.645;cm
CAMP2;201176;16;10495;0;20.5;3;4.645;cm
CAMP2;201176;16;10495;0;21.0;1;4.645;cm
CAMP2;201176;16;10495;0;21.5;1;4.645;cm
CAMP2;201176;16;10495;0;22.0;4;4.645;cm
CAMP2;201176;16;10495;0;22.5;2;4.645;cm
CAMP2;201176;16;10495;0;23.0;4;4.645;cm
CAMP2;201176;16;10507;0;15.5;1;0.565;cm
CAMP2;201176;16;10507;0;16.0;0;0.565;cm
CAMP2;201176;16;10507;0;16.5;0;0.565;cm
CAMP2;201176;16;10507;0;17.0;0;0.565;cm
CAMP2;201176;16;10507;0;17.5;0;0.565;cm
CAMP2;201176;16;10507;0;18.0;0;0.565;cm
CAMP2;201176;16;10507;0;18.5;0;0.565;cm
CAMP2;201176;16;10507;0;19.0;0;0.565;cm
CAMP2;201176;16;10507;0;19.5;1;0.565;cm
CAMP2;201176;16;10507;0;20.0;0;0.565;cm
CAMP2;201176;16;10507;0;20.5;0;0.565;cm
CAMP2;201176;16;10507;0;21.0;1;0.565;cm
CAMP2;201176;16;10507;0;21.5;1;0.565;cm
CAMP2;201176;16;10507;0;22.0;0;0.565;cm
CAMP2;201176;16;10507;0;22.5;0;0.565;cm
CAMP2;201176;16;10507;0;23.0;1;0.565;cm
CAMP2;201176;16;10641;0;17.0;1;27.350;cm
CAMP2;201176;16;10641;0;17.5;1;27.350;cm
CAMP2;201176;16;10641;0;18.0;3;27.350;cm
CAMP2;201176;16;10641;0;18.5;1;27.350;cm
CAMP2;201176;16;10641;0;19.0;23;27.350;cm
CAMP2;201176;16;10641;0;19.5;76;27.350;cm
CAMP2;201176;16;10641;0;20.0;98;27.350;cm
CAMP2;201176;16;10641;0;20.5;80;27.350;cm
CAMP2;201176;16;10641;0;21.0;57;27.350;cm
CAMP2;201176;16;10641;0;21.5;33;27.350;cm
CAMP2;201176;16;10641;0;22.0;10;27.350;cm
CAMP2;201176;16;10641;0;22.5;11;27.350;cm
CAMP2;201176;16;10641;0;23.0;4;27.350;cm
CAMP2;201176;16;10641;0;23.5;2;27.350;cm
CAMP2;201176;16;10641;0;24.0;1;27.350;cm
CAMP2;201176;16;10641;0;24.5;2;27.350;cm
CAMP2;201176;17;10156;0;13.0;2;12.496;cm
CAMP2;201176;17;10156;0;13.5;10;12.496;cm
CAMP2;201176;17;10156;0;14.0;41;12.496;cm
CAMP2;201176;17;10156;0;14.5;92;12.496;cm
CAMP2;201176;17;10156;0;15.0;99;12.496;cm
CAMP2;201176;17;10156;0;15.5;89;12.496;cm
CAMP2;201176;17;10156;0;16.0;54;12.496;cm
CAMP2;201176;17;10156;0;16.5;36;12.496;cm
CAMP2;201176;17;10156;0;17.0;33;12.496;cm
CAMP2;201176;17;10156;0;17.5;12;12.496;cm
CAMP2;201176;17;10156;0;18.0;2;12.496;cm
CAMP2;201176;17;10156;0;18.5;1;12.496;cm
CAMP2;201176;17;10277;0;16.0;1;0.154;cm
CAMP2;201176;17;10277;0;16.5;2;0.154;cm
CAMP2;201176;17;10277;0;17.5;1;0.154;cm
CAMP2;201176;17;10277;0;18.5;1;0.154;cm
CAMP2;201176;17;10283;0;11.5;1;1.190;cm
CAMP2;201176;17;10283;0;14.0;1;1.190;cm
CAMP2;201176;17;10283;0;15.0;1;1.190;cm
CAMP2;201176;17;10283;0;21.0;1;1.190;cm
CAMP2;201176;17;10283;0;21.5;1;1.190;cm
CAMP2;201176;17;10283;0;22.0;1;1.190;cm
CAMP2;201176;17;10283;0;23.0;1;1.190;cm
CAMP2;201176;17;10283;0;25.5;1;1.190;cm
CAMP2;201176;17;10283;0;27.5;1;1.190;cm
CAMP2;201176;17;10283;0;30.5;1;1.190;cm
CAMP2;201176;17;10283;0;37.5;1;1.190;cm
CAMP2;201176;17;10414;0;20.5;1;19.440;cm
CAMP2;201176;17;10414;0;21.0;1;19.440;cm
CAMP2;201176;17;10414;0;21.5;7;19.440;cm
CAMP2;201176;17;10414;0;22.0;5;19.440;cm
CAMP2;201176;17;10414;0;22.5;31;19.440;cm
CAMP2;201176;17;10414;0;23.0;46;19.440;cm
CAMP2;201176;17;10414;0;23.5;40;19.440;cm
CAMP2;201176;17;10414;0;24.0;16;19.440;cm
CAMP2;201176;17;10414;0;24.5;8;19.440;cm
CAMP2;201176;17;10414;0;25.0;5;19.440;cm
CAMP2;201176;17;10414;0;25.5;2;19.440;cm
CAMP2;201176;17;10414;0;26.0;4;19.440;cm
CAMP2;201176;17;10414;0;26.5;1;19.440;cm
CAMP2;201176;17;10414;0;27.0;1;19.440;cm
CAMP2;201176;17;10634;0;23.5;2;0.047;cm
CAMP2;201176;17;10634;0;25.5;1;0.047;cm
CAMP2;201176;17;10634;0;26.0;1;0.047;cm
CAMP2;201176;17;10634;0;28.5;1;0.047;cm
CAMP2;201176;17;10641;0;22.5;1;0.715;cm
CAMP2;201176;17;10641;0;23.5;1;0.715;cm
CAMP2;201176;17;10641;0;24.0;2;0.715;cm
CAMP2;201176;17;10641;0;24.5;1;0.715;cm
CAMP2;201176;17;10641;0;25.0;1;0.715;cm
CAMP2;201176;17;10642;0;24.0;4;3.685;cm
CAMP2;201176;17;10642;0;24.5;10;3.685;cm
CAMP2;201176;17;10642;0;25.0;5;3.685;cm
CAMP2;201176;17;10642;0;25.5;5;3.685;cm
CAMP2;201176;17;10642;0;26.0;4;3.685;cm
CAMP2;201176;17;10642;0;26.5;1;3.685;cm
CAMP2;201176;17;10642;0;27.0;2;3.685;cm
CAMP2;201176;18;10152;0;17.5;4;25.530;cm
CAMP2;201176;18;10152;0;18.0;12;25.530;cm
CAMP2;201176;18;10152;0;18.5;53;25.530;cm
CAMP2;201176;18;10152;0;19.0;78;25.530;cm
CAMP2;201176;18;10152;0;19.5;94;25.530;cm
CAMP2;201176;18;10152;0;20.0;68;25.530;cm
CAMP2;201176;18;10152;0;20.5;24;25.530;cm
CAMP2;201176;18;10152;0;21.0;9;25.530;cm
CAMP2;201176;18;10152;0;21.5;2;25.530;cm
CAMP2;201176;18;10283;0;21.5;1;0.815;cm
CAMP2;201176;18;10283;0;22.5;1;0.815;cm
CAMP2;201176;18;10283;0;23.5;1;0.815;cm
CAMP2;201176;18;10283;0;27.5;1;0.815;cm
CAMP2;201176;18;10283;0;38.5;1;0.815;cm
CAMP2;201176;18;10310;0;9.0;4;0.455;cm
CAMP2;201176;18;10310;0;9.5;4;0.455;cm
CAMP2;201176;18;10310;0;10.0;3;0.455;cm
CAMP2;201176;18;10310;0;10.5;2;0.455;cm
CAMP2;201176;18;10310;0;11.0;4;0.455;cm
CAMP2;201176;18;10310;0;11.5;6;0.455;cm
CAMP2;201176;18;10310;0;12.0;9;0.455;cm
CAMP2;201176;18;10310;0;12.5;6;0.455;cm
CAMP2;201176;18;10310;0;13.0;6;0.455;cm
CAMP2;201176;18;10310;0;14.5;1;0.455;cm
CAMP2;201176;18;10320;0;28.5;1;0.360;cm
CAMP2;201176;18;10321;0;54.0;1;1.790;cm
CAMP2;201176;18;10323;0;5.0;1;0.962;cm
CAMP2;201176;18;10323;0;5.5;7;0.962;cm
CAMP2;201176;18;10323;0;6.0;19;0.962;cm
CAMP2;201176;18;10323;0;6.5;32;0.962;cm
CAMP2;201176;18;10323;0;7.0;30;0.962;cm
CAMP2;201176;18;10323;0;7.5;29;0.962;cm
CAMP2;201176;18;10323;0;8.0;8;0.962;cm
CAMP2;201176;18;10323;0;8.5;2;0.962;cm
CAMP2;201176;18;10323;0;9.0;1;0.962;cm
CAMP2;201176;18;10488;0;30.0;1;0.340;cm
CAMP2;201176;18;10641;0;23.0;1;0.096;cm
