-- Alumnos:
insert into ac_alumnos (codalumn,nombre,telefono,direccion,nacimiento,edad,matricula) values ('1','Pepe','917458899','gran via 2','madrid','30','m1');
insert into ac_alumnos (codalumn,nombre,telefono,direccion,nacimiento,edad,matricula) values ('2','Antonio',null,'algeciras 34','caceres','24','m2');
insert into ac_alumnos (codalumn,nombre,telefono,direccion,nacimiento,edad,matricula) values ('3','Eva Maria',null,'rotor 6','madrid','45','m3');
insert into ac_alumnos (codalumn,nombre,telefono,direccion,nacimiento,edad,matricula) values ('4','Ramon','606185963','boltaña 88','caceres','22','m4');
insert into ac_alumnos (codalumn,nombre,telefono,direccion,nacimiento,edad,matricula) values ('5','Julio',null,'alquezar 11','badajoz','50','m5');
insert into ac_alumnos (codalumn,nombre,telefono,direccion,nacimiento,edad,matricula) values ('6','Andres',null,'parque sur 5','madrid','15','m6');
insert into ac_alumnos (codalumn,nombre,telefono,direccion,nacimiento,edad,matricula) values ('7','Belen','914558877','parque norte 66','sevilla','25','m7');
insert into ac_alumnos (codalumn,nombre,telefono,direccion,nacimiento,edad,matricula) values ('8','Cristina',null,'leopoldo 7','barcelona','32','m8');
insert into ac_alumnos (codalumn,nombre,telefono,direccion,nacimiento,edad,matricula) values ('9','Jorge',null,'caceres 55','segovia','36','m9');
insert into ac_alumnos (codalumn,nombre,telefono,direccion,nacimiento,edad,matricula) values ('10','Sandra',null,'fernado poo 66','segovia','31','m10');
insert into ac_alumnos (codalumn,nombre,telefono,direccion,nacimiento,edad,matricula) values ('11','Fernando',null,'aguila 2','madrid','45','m11');
insert into ac_alumnos (codalumn,nombre,telefono,direccion,nacimiento,edad,matricula) values ('12','Guillermo',null,'cartago 12','madrid','34','m12');
insert into ac_alumnos (codalumn,nombre,telefono,direccion,nacimiento,edad,matricula) values ('13','Javier',null,'coslada 3','madrid','33','m13');
insert into ac_alumnos (codalumn,nombre,telefono,direccion,nacimiento,edad,matricula) values ('14','Ana Maria','914775859','jacinto 33','bilbao','32','m14');

-- Categorias:
insert into ac_asignaturas (codasig,nombreasig,precio) values ('1','excel','22');
insert into ac_asignaturas (codasig,nombreasig,precio) values ('2','access','22');
insert into ac_asignaturas (codasig,nombreasig,precio) values ('3','sql-server','35');
insert into ac_asignaturas (codasig,nombreasig,precio) values ('4','visual basic','45');
insert into ac_asignaturas (codasig,nombreasig,precio) values ('5','oracle','40');
insert into ac_asignaturas (codasig,nombreasig,precio) values ('6','html','20');
insert into ac_asignaturas (codasig,nombreasig,precio) values ('7','word','22');
insert into ac_asignaturas (codasig,nombreasig,precio) values ('8','powerpoint','22');

-- Clases:
insert into ac_clases (codalumn,codprofe,codasig,aula) values ('1','1','1','1');
insert into ac_clases (codalumn,codprofe,codasig,aula) values ('2','1','1','1');
insert into ac_clases (codalumn,codprofe,codasig,aula) values ('3','1','1','1');
insert into ac_clases (codalumn,codprofe,codasig,aula) values ('4','1','1','1');
insert into ac_clases (codalumn,codprofe,codasig,aula) values ('5','2','2','2');
insert into ac_clases (codalumn,codprofe,codasig,aula) values ('6','2','2','2');
insert into ac_clases (codalumn,codprofe,codasig,aula) values ('7','2','2','2');
insert into ac_clases (codalumn,codprofe,codasig,aula) values ('1','2','3','1');
insert into ac_clases (codalumn,codprofe,codasig,aula) values ('2','2','3','1');
insert into ac_clases (codalumn,codprofe,codasig,aula) values ('3','2','3','1');
insert into ac_clases (codalumn,codprofe,codasig,aula) values ('10','5','5','2');
insert into ac_clases (codalumn,codprofe,codasig,aula) values ('11','5','5','2');
insert into ac_clases (codalumn,codprofe,codasig,aula) values ('12','5','5','2');
insert into ac_clases (codalumn,codprofe,codasig,aula) values ('13','3','8','1');
insert into ac_clases (codalumn,codprofe,codasig,aula) values ('14','3','8','2');
insert into ac_clases (codalumn,codprofe,codasig,aula) values ('5','4','7','2');
insert into ac_clases (codalumn,codprofe,codasig,aula) values ('13','4','2','2');
insert into ac_clases (codalumn,codprofe,codasig,aula) values ('12','2','4','1');
insert into ac_clases (codalumn,codprofe,codasig,aula) values ('11','2','4','1');
insert into ac_clases (codalumn,codprofe,codasig,aula) values ('10','2','4','1');
insert into ac_clases (codalumn,codprofe,codasig,aula) values ('9','2','4','1');
insert into ac_clases (codalumn,codprofe,codasig,aula) values ('8','2','4','1');
insert into ac_clases (codalumn,codprofe,codasig,aula) values ('7','2','4','1');
insert into ac_clases (codalumn,codprofe,codasig,aula) values ('1','5','8','2');
insert into ac_clases (codalumn,codprofe,codasig,aula) values ('2','5','8','2');
insert into ac_clases (codalumn,codprofe,codasig,aula) values ('3','5','8','2');
insert into ac_clases (codalumn,codprofe,codasig,aula) values ('4','5','8','2');
insert into ac_clases (codalumn,codprofe,codasig,aula) values ('5','5','8','2');
insert into ac_clases (codalumn,codprofe,codasig,aula) values ('6','4','7','1');
insert into ac_clases (codalumn,codprofe,codasig,aula) values ('6','4','2','1');
insert into ac_clases (codalumn,codprofe,codasig,aula) values ('7','1','5','1');
insert into ac_clases (codalumn,codprofe,codasig,aula) values ('8','1','5','1');
insert into ac_clases (codalumn,codprofe,codasig,aula) values ('6','3','4','2');
insert into ac_clases (codalumn,codprofe,codasig,aula) values ('7','3','4','2');
insert into ac_clases (codalumn,codprofe,codasig,aula) values ('2','4','8','1');
insert into ac_clases (codalumn,codprofe,codasig,aula) values ('1','5','2','2');

-- profesores:
insert into ac_profesores (codprofe,nombre,direccion,dni,telefono,fecha,puestofijo,sueldo) values ('1','Jose Antonio','c/simancas','51000001','1111111',to_date('23/08/1975','dd/mm/yyyy'),true,'1200');
insert into ac_profesores (codprofe,nombre,direccion,dni,telefono,fecha,puestofijo,sueldo) values ('2','Eva','c/gran via','51000002','2222222',to_date('04/05/1968','dd/mm/yyyy'),false,'895');
insert into ac_profesores (codprofe,nombre,direccion,dni,telefono,fecha,puestofijo,sueldo) values ('3','Juan Jose','c/valverde','51000003','3333333',to_date('05/09/1972','dd/mm/yyyy'),false,'1150');
insert into ac_profesores (codprofe,nombre,direccion,dni,telefono,fecha,puestofijo,sueldo) values ('4','Angelica','c/rodellar','51000004','4444444',to_date('05/08/1982','dd/mm/yyyy'),true,'1350');
insert into ac_profesores (codprofe,nombre,direccion,dni,telefono,fecha,puestofijo,sueldo) values ('5','Tito','c/betanzos','51000005','5555555',to_date('05/09/1974','dd/mm/yyyy'),true,'1180');
